"LOCATION","INDICATOR","SUBJECT","MEASURE","FREQUENCY","TIME","Value","Flag Codes"
"AUS","EDUPUBEXP","TRY","PC_GDP","A","1995",,"M"
"AUS","EDUPUBEXP","TRY","PC_GDP","A","2000",0.746,
"AUS","EDUPUBEXP","TRY","PC_GDP","A","2005",0.692,
"AUS","EDUPUBEXP","TRY","PC_GDP","A","2008",0.691,
"AUS","EDUPUBEXP","TRY","PC_GDP","A","2009",0.737,
"AUS","EDUPUBEXP","TRY","PC_GDP","A","2010",0.781,
"AUS","EDUPUBEXP","TRY","PC_GDP","A","2011",0.745,
"AUS","EDUPUBEXP","TRY","PC_GDP","A","2012",0.721,
"AUS","EDUPUBEXP","TRY","PC_GDP","A","2013",0.72,
"AUS","EDUPUBEXP","TRY","PC_GDP","A","2014",0.718,
"AUS","EDUPUBEXP","TRY","PC_GDP","A","2015",0.769,
"AUS","EDUPUBEXP","TRY","PC_GDP","A","2016",,"M"
"AUT","EDUPUBEXP","TRY","PC_GDP","A","1995",,"M"
"AUT","EDUPUBEXP","TRY","PC_GDP","A","2000",,"M"
"AUT","EDUPUBEXP","TRY","PC_GDP","A","2005",,"M"
"AUT","EDUPUBEXP","TRY","PC_GDP","A","2008",,"M"
"AUT","EDUPUBEXP","TRY","PC_GDP","A","2009",,"M"
"AUT","EDUPUBEXP","TRY","PC_GDP","A","2010",,"M"
"AUT","EDUPUBEXP","TRY","PC_GDP","A","2011",,"M"
"AUT","EDUPUBEXP","TRY","PC_GDP","A","2012",1.662,
"AUT","EDUPUBEXP","TRY","PC_GDP","A","2013",1.649,
"AUT","EDUPUBEXP","TRY","PC_GDP","A","2014",1.615,
"AUT","EDUPUBEXP","TRY","PC_GDP","A","2015",1.633,
"AUT","EDUPUBEXP","TRY","PC_GDP","A","2016",,"M"
"BEL","EDUPUBEXP","TRY","PC_GDP","A","1995",,"M"
"BEL","EDUPUBEXP","TRY","PC_GDP","A","2000",,"M"
"BEL","EDUPUBEXP","TRY","PC_GDP","A","2005",1.085,
"BEL","EDUPUBEXP","TRY","PC_GDP","A","2008",1.121,
"BEL","EDUPUBEXP","TRY","PC_GDP","A","2009",1.218,
"BEL","EDUPUBEXP","TRY","PC_GDP","A","2010",1.202,
"BEL","EDUPUBEXP","TRY","PC_GDP","A","2011",1.205,
"BEL","EDUPUBEXP","TRY","PC_GDP","A","2012",1.22,
"BEL","EDUPUBEXP","TRY","PC_GDP","A","2013",1.264,
"BEL","EDUPUBEXP","TRY","PC_GDP","A","2014",1.259,
"BEL","EDUPUBEXP","TRY","PC_GDP","A","2015",1.223,
"BEL","EDUPUBEXP","TRY","PC_GDP","A","2016",,"M"
"CAN","EDUPUBEXP","TRY","PC_GDP","A","1995",,"M"
"CAN","EDUPUBEXP","TRY","PC_GDP","A","2000",1.379,
"CAN","EDUPUBEXP","TRY","PC_GDP","A","2005",1.265,
"CAN","EDUPUBEXP","TRY","PC_GDP","A","2008",1.493,
"CAN","EDUPUBEXP","TRY","PC_GDP","A","2009",1.522,
"CAN","EDUPUBEXP","TRY","PC_GDP","A","2010",1.49,
"CAN","EDUPUBEXP","TRY","PC_GDP","A","2011",1.354,
"CAN","EDUPUBEXP","TRY","PC_GDP","A","2012",1.295,
"CAN","EDUPUBEXP","TRY","PC_GDP","A","2013",1.238,
"CAN","EDUPUBEXP","TRY","PC_GDP","A","2014",1.207,
"CAN","EDUPUBEXP","TRY","PC_GDP","A","2015",1.201,
"CAN","EDUPUBEXP","TRY","PC_GDP","A","2016",,"M"
"CZE","EDUPUBEXP","TRY","PC_GDP","A","1995",,"M"
"CZE","EDUPUBEXP","TRY","PC_GDP","A","2000",0.633,
"CZE","EDUPUBEXP","TRY","PC_GDP","A","2005",0.77,
"CZE","EDUPUBEXP","TRY","PC_GDP","A","2008",0.844,
"CZE","EDUPUBEXP","TRY","PC_GDP","A","2009",0.941,
"CZE","EDUPUBEXP","TRY","PC_GDP","A","2010",0.892,
"CZE","EDUPUBEXP","TRY","PC_GDP","A","2011",1.085,
"CZE","EDUPUBEXP","TRY","PC_GDP","A","2012",0.978,
"CZE","EDUPUBEXP","TRY","PC_GDP","A","2013",0.861,
"CZE","EDUPUBEXP","TRY","PC_GDP","A","2014",0.784,
"CZE","EDUPUBEXP","TRY","PC_GDP","A","2015",0.756,
"CZE","EDUPUBEXP","TRY","PC_GDP","A","2016",,"M"
"DNK","EDUPUBEXP","TRY","PC_GDP","A","1995",,"M"
"DNK","EDUPUBEXP","TRY","PC_GDP","A","2000",1.483,
"DNK","EDUPUBEXP","TRY","PC_GDP","A","2005",1.604,
"DNK","EDUPUBEXP","TRY","PC_GDP","A","2008",1.516,
"DNK","EDUPUBEXP","TRY","PC_GDP","A","2009",1.701,
"DNK","EDUPUBEXP","TRY","PC_GDP","A","2010",1.688,
"DNK","EDUPUBEXP","TRY","PC_GDP","A","2011",1.696,
"DNK","EDUPUBEXP","TRY","PC_GDP","A","2012",1.469,
"DNK","EDUPUBEXP","TRY","PC_GDP","A","2013",1.54,
"DNK","EDUPUBEXP","TRY","PC_GDP","A","2014",1.562,
"DNK","EDUPUBEXP","TRY","PC_GDP","A","2015",,"M"
"DNK","EDUPUBEXP","TRY","PC_GDP","A","2016",,"M"
"FIN","EDUPUBEXP","TRY","PC_GDP","A","1995",,"M"
"FIN","EDUPUBEXP","TRY","PC_GDP","A","2000",1.602,
"FIN","EDUPUBEXP","TRY","PC_GDP","A","2005",1.592,
"FIN","EDUPUBEXP","TRY","PC_GDP","A","2008",1.542,
"FIN","EDUPUBEXP","TRY","PC_GDP","A","2009",1.734,
"FIN","EDUPUBEXP","TRY","PC_GDP","A","2010",1.767,
"FIN","EDUPUBEXP","TRY","PC_GDP","A","2011",1.786,
"FIN","EDUPUBEXP","TRY","PC_GDP","A","2012",1.777,
"FIN","EDUPUBEXP","TRY","PC_GDP","A","2013",1.738,
"FIN","EDUPUBEXP","TRY","PC_GDP","A","2014",1.713,
"FIN","EDUPUBEXP","TRY","PC_GDP","A","2015",1.606,
"FIN","EDUPUBEXP","TRY","PC_GDP","A","2016",,"M"
"FRA","EDUPUBEXP","TRY","PC_GDP","A","1995",,"M"
"FRA","EDUPUBEXP","TRY","PC_GDP","A","2000",,"M"
"FRA","EDUPUBEXP","TRY","PC_GDP","A","2005",1.069,
"FRA","EDUPUBEXP","TRY","PC_GDP","A","2008",1.119,
"FRA","EDUPUBEXP","TRY","PC_GDP","A","2009",1.209,
"FRA","EDUPUBEXP","TRY","PC_GDP","A","2010",1.187,
"FRA","EDUPUBEXP","TRY","PC_GDP","A","2011",1.156,
"FRA","EDUPUBEXP","TRY","PC_GDP","A","2012",1.133,
"FRA","EDUPUBEXP","TRY","PC_GDP","A","2013",1.14,
"FRA","EDUPUBEXP","TRY","PC_GDP","A","2014",1.141,
"FRA","EDUPUBEXP","TRY","PC_GDP","A","2015",1.14,
"FRA","EDUPUBEXP","TRY","PC_GDP","A","2016",,"M"
"DEU","EDUPUBEXP","TRY","PC_GDP","A","1995",,"M"
"DEU","EDUPUBEXP","TRY","PC_GDP","A","2000",,"M"
"DEU","EDUPUBEXP","TRY","PC_GDP","A","2005",0.877,
"DEU","EDUPUBEXP","TRY","PC_GDP","A","2008",0.92,
"DEU","EDUPUBEXP","TRY","PC_GDP","A","2009",,"M"
"DEU","EDUPUBEXP","TRY","PC_GDP","A","2010",1.015,
"DEU","EDUPUBEXP","TRY","PC_GDP","A","2011",1.028,
"DEU","EDUPUBEXP","TRY","PC_GDP","A","2012",1.026,
"DEU","EDUPUBEXP","TRY","PC_GDP","A","2013",1.02,
"DEU","EDUPUBEXP","TRY","PC_GDP","A","2014",1.032,
"DEU","EDUPUBEXP","TRY","PC_GDP","A","2015",1.012,
"DEU","EDUPUBEXP","TRY","PC_GDP","A","2016",,"M"
"HUN","EDUPUBEXP","TRY","PC_GDP","A","1995",,"M"
"HUN","EDUPUBEXP","TRY","PC_GDP","A","2000",0.845,
"HUN","EDUPUBEXP","TRY","PC_GDP","A","2005",0.849,
"HUN","EDUPUBEXP","TRY","PC_GDP","A","2008",0.853,
"HUN","EDUPUBEXP","TRY","PC_GDP","A","2009",0.937,
"HUN","EDUPUBEXP","TRY","PC_GDP","A","2010",0.822,
"HUN","EDUPUBEXP","TRY","PC_GDP","A","2011",0.943,
"HUN","EDUPUBEXP","TRY","PC_GDP","A","2012",0.675,
"HUN","EDUPUBEXP","TRY","PC_GDP","A","2013",0.781,
"HUN","EDUPUBEXP","TRY","PC_GDP","A","2014",0.655,
"HUN","EDUPUBEXP","TRY","PC_GDP","A","2015",0.556,
"HUN","EDUPUBEXP","TRY","PC_GDP","A","2016",,"M"
"ISL","EDUPUBEXP","TRY","PC_GDP","A","1995",,"M"
"ISL","EDUPUBEXP","TRY","PC_GDP","A","2000",0.945,
"ISL","EDUPUBEXP","TRY","PC_GDP","A","2005",1.09,
"ISL","EDUPUBEXP","TRY","PC_GDP","A","2008",1.1,
"ISL","EDUPUBEXP","TRY","PC_GDP","A","2009",1.119,
"ISL","EDUPUBEXP","TRY","PC_GDP","A","2010",1.062,
"ISL","EDUPUBEXP","TRY","PC_GDP","A","2011",1.006,
"ISL","EDUPUBEXP","TRY","PC_GDP","A","2012",1.142,
"ISL","EDUPUBEXP","TRY","PC_GDP","A","2013",1.12,
"ISL","EDUPUBEXP","TRY","PC_GDP","A","2014",1.138,
"ISL","EDUPUBEXP","TRY","PC_GDP","A","2015",1.145,
"ISL","EDUPUBEXP","TRY","PC_GDP","A","2016",,"M"
"IRL","EDUPUBEXP","TRY","PC_GDP","A","1995",,"M"
"IRL","EDUPUBEXP","TRY","PC_GDP","A","2000",1.097,
"IRL","EDUPUBEXP","TRY","PC_GDP","A","2005",0.897,
"IRL","EDUPUBEXP","TRY","PC_GDP","A","2008",1.105,
"IRL","EDUPUBEXP","TRY","PC_GDP","A","2009",1.264,
"IRL","EDUPUBEXP","TRY","PC_GDP","A","2010",1.167,
"IRL","EDUPUBEXP","TRY","PC_GDP","A","2011",1.097,
"IRL","EDUPUBEXP","TRY","PC_GDP","A","2012",1.145,
"IRL","EDUPUBEXP","TRY","PC_GDP","A","2013",0.927,
"IRL","EDUPUBEXP","TRY","PC_GDP","A","2014",0.822,
"IRL","EDUPUBEXP","TRY","PC_GDP","A","2015",0.603,
"IRL","EDUPUBEXP","TRY","PC_GDP","A","2016",,"M"
"ITA","EDUPUBEXP","TRY","PC_GDP","A","1995",,"M"
"ITA","EDUPUBEXP","TRY","PC_GDP","A","2000",0.635,
"ITA","EDUPUBEXP","TRY","PC_GDP","A","2005",0.609,
"ITA","EDUPUBEXP","TRY","PC_GDP","A","2008",0.643,
"ITA","EDUPUBEXP","TRY","PC_GDP","A","2009",0.646,
"ITA","EDUPUBEXP","TRY","PC_GDP","A","2010",0.633,
"ITA","EDUPUBEXP","TRY","PC_GDP","A","2011",0.624,
"ITA","EDUPUBEXP","TRY","PC_GDP","A","2012",0.606,
"ITA","EDUPUBEXP","TRY","PC_GDP","A","2013",0.631,
"ITA","EDUPUBEXP","TRY","PC_GDP","A","2014",0.609,
"ITA","EDUPUBEXP","TRY","PC_GDP","A","2015",0.57,
"ITA","EDUPUBEXP","TRY","PC_GDP","A","2016",,"M"
"JPN","EDUPUBEXP","TRY","PC_GDP","A","1995",,"M"
"JPN","EDUPUBEXP","TRY","PC_GDP","A","2000",0.519,
"JPN","EDUPUBEXP","TRY","PC_GDP","A","2005",0.453,
"JPN","EDUPUBEXP","TRY","PC_GDP","A","2008",0.484,
"JPN","EDUPUBEXP","TRY","PC_GDP","A","2009",0.527,
"JPN","EDUPUBEXP","TRY","PC_GDP","A","2010",0.504,
"JPN","EDUPUBEXP","TRY","PC_GDP","A","2011",0.523,
"JPN","EDUPUBEXP","TRY","PC_GDP","A","2012",0.508,
"JPN","EDUPUBEXP","TRY","PC_GDP","A","2013",0.522,
"JPN","EDUPUBEXP","TRY","PC_GDP","A","2014",0.495,
"JPN","EDUPUBEXP","TRY","PC_GDP","A","2015",0.45,
"JPN","EDUPUBEXP","TRY","PC_GDP","A","2016",,"M"
"KOR","EDUPUBEXP","TRY","PC_GDP","A","1995",,"M"
"KOR","EDUPUBEXP","TRY","PC_GDP","A","2000",0.493,
"KOR","EDUPUBEXP","TRY","PC_GDP","A","2005",0.519,
"KOR","EDUPUBEXP","TRY","PC_GDP","A","2008",0.53,
"KOR","EDUPUBEXP","TRY","PC_GDP","A","2009",0.621,
"KOR","EDUPUBEXP","TRY","PC_GDP","A","2010",0.659,
"KOR","EDUPUBEXP","TRY","PC_GDP","A","2011",0.661,
"KOR","EDUPUBEXP","TRY","PC_GDP","A","2012",0.691,
"KOR","EDUPUBEXP","TRY","PC_GDP","A","2013",0.749,
"KOR","EDUPUBEXP","TRY","PC_GDP","A","2014",0.775,
"KOR","EDUPUBEXP","TRY","PC_GDP","A","2015",0.656,
"KOR","EDUPUBEXP","TRY","PC_GDP","A","2016",,"M"
"MEX","EDUPUBEXP","TRY","PC_GDP","A","1995",,"M"
"MEX","EDUPUBEXP","TRY","PC_GDP","A","2000",0.684,
"MEX","EDUPUBEXP","TRY","PC_GDP","A","2005",0.792,
"MEX","EDUPUBEXP","TRY","PC_GDP","A","2008",0.843,
"MEX","EDUPUBEXP","TRY","PC_GDP","A","2009",0.957,
"MEX","EDUPUBEXP","TRY","PC_GDP","A","2010",0.944,
"MEX","EDUPUBEXP","TRY","PC_GDP","A","2011",0.842,
"MEX","EDUPUBEXP","TRY","PC_GDP","A","2012",0.909,
"MEX","EDUPUBEXP","TRY","PC_GDP","A","2013",0.844,
"MEX","EDUPUBEXP","TRY","PC_GDP","A","2014",1.007,
"MEX","EDUPUBEXP","TRY","PC_GDP","A","2015",1.003,
"MEX","EDUPUBEXP","TRY","PC_GDP","A","2016",,"M"
"NLD","EDUPUBEXP","TRY","PC_GDP","A","1995",,"M"
"NLD","EDUPUBEXP","TRY","PC_GDP","A","2000",0.977,
"NLD","EDUPUBEXP","TRY","PC_GDP","A","2005",1.044,
"NLD","EDUPUBEXP","TRY","PC_GDP","A","2008",1.011,
"NLD","EDUPUBEXP","TRY","PC_GDP","A","2009",1.102,
"NLD","EDUPUBEXP","TRY","PC_GDP","A","2010",1.134,
"NLD","EDUPUBEXP","TRY","PC_GDP","A","2011",1.138,
"NLD","EDUPUBEXP","TRY","PC_GDP","A","2012",1.157,
"NLD","EDUPUBEXP","TRY","PC_GDP","A","2013",1.167,
"NLD","EDUPUBEXP","TRY","PC_GDP","A","2014",1.172,
"NLD","EDUPUBEXP","TRY","PC_GDP","A","2015",1.165,
"NLD","EDUPUBEXP","TRY","PC_GDP","A","2016",,"M"
"NZL","EDUPUBEXP","TRY","PC_GDP","A","1995",,"M"
"NZL","EDUPUBEXP","TRY","PC_GDP","A","2000",,"M"
"NZL","EDUPUBEXP","TRY","PC_GDP","A","2005",,"M"
"NZL","EDUPUBEXP","TRY","PC_GDP","A","2008",,"M"
"NZL","EDUPUBEXP","TRY","PC_GDP","A","2009",,"M"
"NZL","EDUPUBEXP","TRY","PC_GDP","A","2010",,"M"
"NZL","EDUPUBEXP","TRY","PC_GDP","A","2011",,"M"
"NZL","EDUPUBEXP","TRY","PC_GDP","A","2012",0.947,
"NZL","EDUPUBEXP","TRY","PC_GDP","A","2013",0.898,
"NZL","EDUPUBEXP","TRY","PC_GDP","A","2014",0.912,
"NZL","EDUPUBEXP","TRY","PC_GDP","A","2015",0.906,
"NZL","EDUPUBEXP","TRY","PC_GDP","A","2016",,"M"
"NOR","EDUPUBEXP","TRY","PC_GDP","A","1995",,"M"
"NOR","EDUPUBEXP","TRY","PC_GDP","A","2000",1.605,
"NOR","EDUPUBEXP","TRY","PC_GDP","A","2005",1.677,
"NOR","EDUPUBEXP","TRY","PC_GDP","A","2008",1.505,
"NOR","EDUPUBEXP","TRY","PC_GDP","A","2009",1.593,
"NOR","EDUPUBEXP","TRY","PC_GDP","A","2010",1.559,
"NOR","EDUPUBEXP","TRY","PC_GDP","A","2011",1.544,
"NOR","EDUPUBEXP","TRY","PC_GDP","A","2012",1.516,
"NOR","EDUPUBEXP","TRY","PC_GDP","A","2013",1.54,
"NOR","EDUPUBEXP","TRY","PC_GDP","A","2014",1.607,
"NOR","EDUPUBEXP","TRY","PC_GDP","A","2015",1.669,
"NOR","EDUPUBEXP","TRY","PC_GDP","A","2016",,"M"
"POL","EDUPUBEXP","TRY","PC_GDP","A","1995",,"M"
"POL","EDUPUBEXP","TRY","PC_GDP","A","2000",0.702,
"POL","EDUPUBEXP","TRY","PC_GDP","A","2005",1.162,
"POL","EDUPUBEXP","TRY","PC_GDP","A","2008",0.86,
"POL","EDUPUBEXP","TRY","PC_GDP","A","2009",1.034,
"POL","EDUPUBEXP","TRY","PC_GDP","A","2010",1.013,
"POL","EDUPUBEXP","TRY","PC_GDP","A","2011",0.96,
"POL","EDUPUBEXP","TRY","PC_GDP","A","2012",0.981,
"POL","EDUPUBEXP","TRY","PC_GDP","A","2013",1.064,
"POL","EDUPUBEXP","TRY","PC_GDP","A","2014",1.045,
"POL","EDUPUBEXP","TRY","PC_GDP","A","2015",1.086,
"POL","EDUPUBEXP","TRY","PC_GDP","A","2016",,"M"
"PRT","EDUPUBEXP","TRY","PC_GDP","A","1995",,"M"
"PRT","EDUPUBEXP","TRY","PC_GDP","A","2000",0.874,
"PRT","EDUPUBEXP","TRY","PC_GDP","A","2005",0.837,
"PRT","EDUPUBEXP","TRY","PC_GDP","A","2008",0.774,
"PRT","EDUPUBEXP","TRY","PC_GDP","A","2009",0.878,
"PRT","EDUPUBEXP","TRY","PC_GDP","A","2010",0.909,
"PRT","EDUPUBEXP","TRY","PC_GDP","A","2011",0.853,
"PRT","EDUPUBEXP","TRY","PC_GDP","A","2012",0.67,
"PRT","EDUPUBEXP","TRY","PC_GDP","A","2013",0.737,
"PRT","EDUPUBEXP","TRY","PC_GDP","A","2014",0.77,
"PRT","EDUPUBEXP","TRY","PC_GDP","A","2015",0.749,
"PRT","EDUPUBEXP","TRY","PC_GDP","A","2016",,"M"
"SVK","EDUPUBEXP","TRY","PC_GDP","A","1995",,"M"
"SVK","EDUPUBEXP","TRY","PC_GDP","A","2000",0.685,
"SVK","EDUPUBEXP","TRY","PC_GDP","A","2005",0.679,
"SVK","EDUPUBEXP","TRY","PC_GDP","A","2008",0.61,
"SVK","EDUPUBEXP","TRY","PC_GDP","A","2009",0.618,
"SVK","EDUPUBEXP","TRY","PC_GDP","A","2010",0.623,
"SVK","EDUPUBEXP","TRY","PC_GDP","A","2011",0.735,
"SVK","EDUPUBEXP","TRY","PC_GDP","A","2012",0.746,
"SVK","EDUPUBEXP","TRY","PC_GDP","A","2013",0.801,
"SVK","EDUPUBEXP","TRY","PC_GDP","A","2014",0.811,
"SVK","EDUPUBEXP","TRY","PC_GDP","A","2015",1.24,
"SVK","EDUPUBEXP","TRY","PC_GDP","A","2016",,"M"
"ESP","EDUPUBEXP","TRY","PC_GDP","A","1995",,"M"
"ESP","EDUPUBEXP","TRY","PC_GDP","A","2000",0.833,
"ESP","EDUPUBEXP","TRY","PC_GDP","A","2005",0.848,
"ESP","EDUPUBEXP","TRY","PC_GDP","A","2008",0.936,
"ESP","EDUPUBEXP","TRY","PC_GDP","A","2009",1.009,
"ESP","EDUPUBEXP","TRY","PC_GDP","A","2010",1.023,
"ESP","EDUPUBEXP","TRY","PC_GDP","A","2011",0.999,
"ESP","EDUPUBEXP","TRY","PC_GDP","A","2012",0.905,
"ESP","EDUPUBEXP","TRY","PC_GDP","A","2013",0.879,
"ESP","EDUPUBEXP","TRY","PC_GDP","A","2014",0.853,
"ESP","EDUPUBEXP","TRY","PC_GDP","A","2015",0.85,
"ESP","EDUPUBEXP","TRY","PC_GDP","A","2016",,"M"
"SWE","EDUPUBEXP","TRY","PC_GDP","A","1995",,"M"
"SWE","EDUPUBEXP","TRY","PC_GDP","A","2000",1.354,
"SWE","EDUPUBEXP","TRY","PC_GDP","A","2005",1.315,
"SWE","EDUPUBEXP","TRY","PC_GDP","A","2008",1.288,
"SWE","EDUPUBEXP","TRY","PC_GDP","A","2009",1.446,
"SWE","EDUPUBEXP","TRY","PC_GDP","A","2010",1.45,
"SWE","EDUPUBEXP","TRY","PC_GDP","A","2011",1.421,
"SWE","EDUPUBEXP","TRY","PC_GDP","A","2012",1.444,
"SWE","EDUPUBEXP","TRY","PC_GDP","A","2013",1.455,
"SWE","EDUPUBEXP","TRY","PC_GDP","A","2014",1.442,
"SWE","EDUPUBEXP","TRY","PC_GDP","A","2015",1.372,
"SWE","EDUPUBEXP","TRY","PC_GDP","A","2016",,"M"
"CHE","EDUPUBEXP","TRY","PC_GDP","A","1995",,"M"
"CHE","EDUPUBEXP","TRY","PC_GDP","A","2000",1.05,
"CHE","EDUPUBEXP","TRY","PC_GDP","A","2005",1.273,
"CHE","EDUPUBEXP","TRY","PC_GDP","A","2008",1.049,
"CHE","EDUPUBEXP","TRY","PC_GDP","A","2009",1.166,
"CHE","EDUPUBEXP","TRY","PC_GDP","A","2010",1.164,
"CHE","EDUPUBEXP","TRY","PC_GDP","A","2011",1.201,
"CHE","EDUPUBEXP","TRY","PC_GDP","A","2012",1.232,
"CHE","EDUPUBEXP","TRY","PC_GDP","A","2013",1.234,
"CHE","EDUPUBEXP","TRY","PC_GDP","A","2014",1.283,
"CHE","EDUPUBEXP","TRY","PC_GDP","A","2015",1.276,
"CHE","EDUPUBEXP","TRY","PC_GDP","A","2016",,"M"
"GBR","EDUPUBEXP","TRY","PC_GDP","A","1995",,"M"
"GBR","EDUPUBEXP","TRY","PC_GDP","A","2000",,"M"
"GBR","EDUPUBEXP","TRY","PC_GDP","A","2005",,"M"
"GBR","EDUPUBEXP","TRY","PC_GDP","A","2008",,"M"
"GBR","EDUPUBEXP","TRY","PC_GDP","A","2009",,"M"
"GBR","EDUPUBEXP","TRY","PC_GDP","A","2010",,"M"
"GBR","EDUPUBEXP","TRY","PC_GDP","A","2011",,"M"
"GBR","EDUPUBEXP","TRY","PC_GDP","A","2012",0.953,
"GBR","EDUPUBEXP","TRY","PC_GDP","A","2013",0.983,
"GBR","EDUPUBEXP","TRY","PC_GDP","A","2014",0.472,
"GBR","EDUPUBEXP","TRY","PC_GDP","A","2015",0.467,
"GBR","EDUPUBEXP","TRY","PC_GDP","A","2016",,"M"
"USA","EDUPUBEXP","TRY","PC_GDP","A","1995",,"M"
"USA","EDUPUBEXP","TRY","PC_GDP","A","2000",0.938,
"USA","EDUPUBEXP","TRY","PC_GDP","A","2005",1.017,
"USA","EDUPUBEXP","TRY","PC_GDP","A","2008",1.051,
"USA","EDUPUBEXP","TRY","PC_GDP","A","2009",1.084,
"USA","EDUPUBEXP","TRY","PC_GDP","A","2010",1.075,
"USA","EDUPUBEXP","TRY","PC_GDP","A","2011",1.071,
"USA","EDUPUBEXP","TRY","PC_GDP","A","2012",1.044,
"USA","EDUPUBEXP","TRY","PC_GDP","A","2013",0.951,
"USA","EDUPUBEXP","TRY","PC_GDP","A","2014",0.92,
"USA","EDUPUBEXP","TRY","PC_GDP","A","2015",0.907,
"USA","EDUPUBEXP","TRY","PC_GDP","A","2016",,"M"
"BRA","EDUPUBEXP","TRY","PC_GDP","A","1995",,"M"
"BRA","EDUPUBEXP","TRY","PC_GDP","A","2000",0.673,
"BRA","EDUPUBEXP","TRY","PC_GDP","A","2005",0.748,
"BRA","EDUPUBEXP","TRY","PC_GDP","A","2008",0.759,
"BRA","EDUPUBEXP","TRY","PC_GDP","A","2009",0.793,
"BRA","EDUPUBEXP","TRY","PC_GDP","A","2010",0.856,
"BRA","EDUPUBEXP","TRY","PC_GDP","A","2011",0.931,
"BRA","EDUPUBEXP","TRY","PC_GDP","A","2012",0.864,
"BRA","EDUPUBEXP","TRY","PC_GDP","A","2013",0.86,
"BRA","EDUPUBEXP","TRY","PC_GDP","A","2014",0.824,
"BRA","EDUPUBEXP","TRY","PC_GDP","A","2015",0.959,
"BRA","EDUPUBEXP","TRY","PC_GDP","A","2016",,"M"
"CHL","EDUPUBEXP","TRY","PC_GDP","A","1995",,"M"
"CHL","EDUPUBEXP","TRY","PC_GDP","A","2000",0.382,
"CHL","EDUPUBEXP","TRY","PC_GDP","A","2005",0.297,
"CHL","EDUPUBEXP","TRY","PC_GDP","A","2008",0.269,
"CHL","EDUPUBEXP","TRY","PC_GDP","A","2009",0.293,
"CHL","EDUPUBEXP","TRY","PC_GDP","A","2010",0.534,
"CHL","EDUPUBEXP","TRY","PC_GDP","A","2011",0.526,
"CHL","EDUPUBEXP","TRY","PC_GDP","A","2012",0.593,
"CHL","EDUPUBEXP","TRY","PC_GDP","A","2013",0.82,
"CHL","EDUPUBEXP","TRY","PC_GDP","A","2014",0.871,
"CHL","EDUPUBEXP","TRY","PC_GDP","A","2015",0.723,
"CHL","EDUPUBEXP","TRY","PC_GDP","A","2016",0.812,
"EST","EDUPUBEXP","TRY","PC_GDP","A","1995",,"M"
"EST","EDUPUBEXP","TRY","PC_GDP","A","2000",1.017,
"EST","EDUPUBEXP","TRY","PC_GDP","A","2005",0.777,
"EST","EDUPUBEXP","TRY","PC_GDP","A","2008",0.931,
"EST","EDUPUBEXP","TRY","PC_GDP","A","2009",1.178,
"EST","EDUPUBEXP","TRY","PC_GDP","A","2010",1.043,
"EST","EDUPUBEXP","TRY","PC_GDP","A","2011",1.141,
"EST","EDUPUBEXP","TRY","PC_GDP","A","2012",0.93,
"EST","EDUPUBEXP","TRY","PC_GDP","A","2013",1.241,
"EST","EDUPUBEXP","TRY","PC_GDP","A","2014",1.372,
"EST","EDUPUBEXP","TRY","PC_GDP","A","2015",1.259,
"EST","EDUPUBEXP","TRY","PC_GDP","A","2016",,"M"
"IND","EDUPUBEXP","TRY","PC_GDP","A","1995",,"M"
"IND","EDUPUBEXP","TRY","PC_GDP","A","2000",,"M"
"IND","EDUPUBEXP","TRY","PC_GDP","A","2005",,"M"
"IND","EDUPUBEXP","TRY","PC_GDP","A","2008",,"M"
"IND","EDUPUBEXP","TRY","PC_GDP","A","2009",,"M"
"IND","EDUPUBEXP","TRY","PC_GDP","A","2010",,"M"
"IND","EDUPUBEXP","TRY","PC_GDP","A","2011",,"M"
"IND","EDUPUBEXP","TRY","PC_GDP","A","2012",,"M"
"IND","EDUPUBEXP","TRY","PC_GDP","A","2013",0.954,
"IND","EDUPUBEXP","TRY","PC_GDP","A","2014",,"M"
"IND","EDUPUBEXP","TRY","PC_GDP","A","2015",,"M"
"IND","EDUPUBEXP","TRY","PC_GDP","A","2016",,"M"
"IDN","EDUPUBEXP","TRY","PC_GDP","A","1995",,"M"
"IDN","EDUPUBEXP","TRY","PC_GDP","A","2000",,"M"
"IDN","EDUPUBEXP","TRY","PC_GDP","A","2005",,"M"
"IDN","EDUPUBEXP","TRY","PC_GDP","A","2008",,"M"
"IDN","EDUPUBEXP","TRY","PC_GDP","A","2009",,"M"
"IDN","EDUPUBEXP","TRY","PC_GDP","A","2010",,"M"
"IDN","EDUPUBEXP","TRY","PC_GDP","A","2011",,"M"
"IDN","EDUPUBEXP","TRY","PC_GDP","A","2012",0.592,
"IDN","EDUPUBEXP","TRY","PC_GDP","A","2013",0.534,
"IDN","EDUPUBEXP","TRY","PC_GDP","A","2014",,"M"
"IDN","EDUPUBEXP","TRY","PC_GDP","A","2015",0.514,
"IDN","EDUPUBEXP","TRY","PC_GDP","A","2016",,"M"
"ISR","EDUPUBEXP","TRY","PC_GDP","A","1995",,"M"
"ISR","EDUPUBEXP","TRY","PC_GDP","A","2000",0.99,
"ISR","EDUPUBEXP","TRY","PC_GDP","A","2005",0.842,
"ISR","EDUPUBEXP","TRY","PC_GDP","A","2008",0.783,
"ISR","EDUPUBEXP","TRY","PC_GDP","A","2009",0.87,
"ISR","EDUPUBEXP","TRY","PC_GDP","A","2010",0.838,
"ISR","EDUPUBEXP","TRY","PC_GDP","A","2011",0.799,
"ISR","EDUPUBEXP","TRY","PC_GDP","A","2012",0.825,
"ISR","EDUPUBEXP","TRY","PC_GDP","A","2013",0.838,
"ISR","EDUPUBEXP","TRY","PC_GDP","A","2014",0.801,
"ISR","EDUPUBEXP","TRY","PC_GDP","A","2015",0.858,
"ISR","EDUPUBEXP","TRY","PC_GDP","A","2016",,"M"
"RUS","EDUPUBEXP","TRY","PC_GDP","A","1995",,"M"
"RUS","EDUPUBEXP","TRY","PC_GDP","A","2000",0.44,
"RUS","EDUPUBEXP","TRY","PC_GDP","A","2005",0.737,
"RUS","EDUPUBEXP","TRY","PC_GDP","A","2008",0.88,
"RUS","EDUPUBEXP","TRY","PC_GDP","A","2009",1.088,
"RUS","EDUPUBEXP","TRY","PC_GDP","A","2010",0.896,
"RUS","EDUPUBEXP","TRY","PC_GDP","A","2011",0.806,
"RUS","EDUPUBEXP","TRY","PC_GDP","A","2012",0.802,
"RUS","EDUPUBEXP","TRY","PC_GDP","A","2013",0.822,
"RUS","EDUPUBEXP","TRY","PC_GDP","A","2014",0.81,
"RUS","EDUPUBEXP","TRY","PC_GDP","A","2015",0.734,
"RUS","EDUPUBEXP","TRY","PC_GDP","A","2016",,"M"
"SVN","EDUPUBEXP","TRY","PC_GDP","A","1995",,"M"
"SVN","EDUPUBEXP","TRY","PC_GDP","A","2000",,"M"
"SVN","EDUPUBEXP","TRY","PC_GDP","A","2005",0.938,
"SVN","EDUPUBEXP","TRY","PC_GDP","A","2008",0.913,
"SVN","EDUPUBEXP","TRY","PC_GDP","A","2009",1.053,
"SVN","EDUPUBEXP","TRY","PC_GDP","A","2010",1.025,
"SVN","EDUPUBEXP","TRY","PC_GDP","A","2011",1.031,
"SVN","EDUPUBEXP","TRY","PC_GDP","A","2012",1.012,
"SVN","EDUPUBEXP","TRY","PC_GDP","A","2013",0.969,
"SVN","EDUPUBEXP","TRY","PC_GDP","A","2014",0.912,
"SVN","EDUPUBEXP","TRY","PC_GDP","A","2015",0.863,
"SVN","EDUPUBEXP","TRY","PC_GDP","A","2016",,"M"
"ZAF","EDUPUBEXP","TRY","PC_GDP","A","1995",,"M"
"ZAF","EDUPUBEXP","TRY","PC_GDP","A","2000",,"M"
"ZAF","EDUPUBEXP","TRY","PC_GDP","A","2005",,"M"
"ZAF","EDUPUBEXP","TRY","PC_GDP","A","2008",,"M"
"ZAF","EDUPUBEXP","TRY","PC_GDP","A","2009",,"M"
"ZAF","EDUPUBEXP","TRY","PC_GDP","A","2010",,"M"
"ZAF","EDUPUBEXP","TRY","PC_GDP","A","2011",,"M"
"ZAF","EDUPUBEXP","TRY","PC_GDP","A","2012",0.598,
"ZAF","EDUPUBEXP","TRY","PC_GDP","A","2013",0.591,
"ZAF","EDUPUBEXP","TRY","PC_GDP","A","2014",0.588,
"ZAF","EDUPUBEXP","TRY","PC_GDP","A","2015",,"M"
"ZAF","EDUPUBEXP","TRY","PC_GDP","A","2016",,"M"
"AUS","EDUPUBEXP","PRY_NTRY","PC_GDP","A","1995",,"M"
"AUS","EDUPUBEXP","PRY_NTRY","PC_GDP","A","2000",3.15,
"AUS","EDUPUBEXP","PRY_NTRY","PC_GDP","A","2005",3.237,
"AUS","EDUPUBEXP","PRY_NTRY","PC_GDP","A","2008",3.178,
"AUS","EDUPUBEXP","PRY_NTRY","PC_GDP","A","2009",3.569,
"AUS","EDUPUBEXP","PRY_NTRY","PC_GDP","A","2010",3.801,
"AUS","EDUPUBEXP","PRY_NTRY","PC_GDP","A","2011",3.499,
"AUS","EDUPUBEXP","PRY_NTRY","PC_GDP","A","2012",3.302,
"AUS","EDUPUBEXP","PRY_NTRY","PC_GDP","A","2013",3.264,
"AUS","EDUPUBEXP","PRY_NTRY","PC_GDP","A","2014",3.212,
"AUS","EDUPUBEXP","PRY_NTRY","PC_GDP","A","2015",3.182,
"AUS","EDUPUBEXP","PRY_NTRY","PC_GDP","A","2016",,"M"
"AUT","EDUPUBEXP","PRY_NTRY","PC_GDP","A","1995",,"M"
"AUT","EDUPUBEXP","PRY_NTRY","PC_GDP","A","2000",,"M"
"AUT","EDUPUBEXP","PRY_NTRY","PC_GDP","A","2005",,"M"
"AUT","EDUPUBEXP","PRY_NTRY","PC_GDP","A","2008",,"M"
"AUT","EDUPUBEXP","PRY_NTRY","PC_GDP","A","2009",,"M"
"AUT","EDUPUBEXP","PRY_NTRY","PC_GDP","A","2010",,"M"
"AUT","EDUPUBEXP","PRY_NTRY","PC_GDP","A","2011",,"M"
"AUT","EDUPUBEXP","PRY_NTRY","PC_GDP","A","2012",2.994,
"AUT","EDUPUBEXP","PRY_NTRY","PC_GDP","A","2013",3.072,
"AUT","EDUPUBEXP","PRY_NTRY","PC_GDP","A","2014",2.981,
"AUT","EDUPUBEXP","PRY_NTRY","PC_GDP","A","2015",2.978,
"AUT","EDUPUBEXP","PRY_NTRY","PC_GDP","A","2016",,"M"
"BEL","EDUPUBEXP","PRY_NTRY","PC_GDP","A","1995",,"M"
"BEL","EDUPUBEXP","PRY_NTRY","PC_GDP","A","2000",,"M"
"BEL","EDUPUBEXP","PRY_NTRY","PC_GDP","A","2005",3.865,
"BEL","EDUPUBEXP","PRY_NTRY","PC_GDP","A","2008",4.116,
"BEL","EDUPUBEXP","PRY_NTRY","PC_GDP","A","2009",4.125,
"BEL","EDUPUBEXP","PRY_NTRY","PC_GDP","A","2010",4.12,
"BEL","EDUPUBEXP","PRY_NTRY","PC_GDP","A","2011",4.095,
"BEL","EDUPUBEXP","PRY_NTRY","PC_GDP","A","2012",4.171,
"BEL","EDUPUBEXP","PRY_NTRY","PC_GDP","A","2013",4.202,
"BEL","EDUPUBEXP","PRY_NTRY","PC_GDP","A","2014",4.164,
"BEL","EDUPUBEXP","PRY_NTRY","PC_GDP","A","2015",4.13,
"BEL","EDUPUBEXP","PRY_NTRY","PC_GDP","A","2016",,"M"
"CAN","EDUPUBEXP","PRY_NTRY","PC_GDP","A","1995",,"M"
"CAN","EDUPUBEXP","PRY_NTRY","PC_GDP","A","2000",2.969,
"CAN","EDUPUBEXP","PRY_NTRY","PC_GDP","A","2005",2.936,
"CAN","EDUPUBEXP","PRY_NTRY","PC_GDP","A","2008",3.143,
"CAN","EDUPUBEXP","PRY_NTRY","PC_GDP","A","2009",3.418,
"CAN","EDUPUBEXP","PRY_NTRY","PC_GDP","A","2010",3.343,
"CAN","EDUPUBEXP","PRY_NTRY","PC_GDP","A","2011",3.242,
"CAN","EDUPUBEXP","PRY_NTRY","PC_GDP","A","2012",3.238,
"CAN","EDUPUBEXP","PRY_NTRY","PC_GDP","A","2013",3.153,
"CAN","EDUPUBEXP","PRY_NTRY","PC_GDP","A","2014",3.119,
"CAN","EDUPUBEXP","PRY_NTRY","PC_GDP","A","2015",3.169,
"CAN","EDUPUBEXP","PRY_NTRY","PC_GDP","A","2016",,"M"
"CZE","EDUPUBEXP","PRY_NTRY","PC_GDP","A","1995",,"M"
"CZE","EDUPUBEXP","PRY_NTRY","PC_GDP","A","2000",2.356,
"CZE","EDUPUBEXP","PRY_NTRY","PC_GDP","A","2005",2.485,
"CZE","EDUPUBEXP","PRY_NTRY","PC_GDP","A","2008",2.281,
"CZE","EDUPUBEXP","PRY_NTRY","PC_GDP","A","2009",2.506,
"CZE","EDUPUBEXP","PRY_NTRY","PC_GDP","A","2010",2.45,
"CZE","EDUPUBEXP","PRY_NTRY","PC_GDP","A","2011",2.471,
"CZE","EDUPUBEXP","PRY_NTRY","PC_GDP","A","2012",2.504,
"CZE","EDUPUBEXP","PRY_NTRY","PC_GDP","A","2013",2.442,
"CZE","EDUPUBEXP","PRY_NTRY","PC_GDP","A","2014",2.409,
"CZE","EDUPUBEXP","PRY_NTRY","PC_GDP","A","2015",2.424,
"CZE","EDUPUBEXP","PRY_NTRY","PC_GDP","A","2016",,"M"
"DNK","EDUPUBEXP","PRY_NTRY","PC_GDP","A","1995",,"M"
"DNK","EDUPUBEXP","PRY_NTRY","PC_GDP","A","2000",3.921,
"DNK","EDUPUBEXP","PRY_NTRY","PC_GDP","A","2005",4.265,
"DNK","EDUPUBEXP","PRY_NTRY","PC_GDP","A","2008",4.034,
"DNK","EDUPUBEXP","PRY_NTRY","PC_GDP","A","2009",4.506,
"DNK","EDUPUBEXP","PRY_NTRY","PC_GDP","A","2010",4.553,
"DNK","EDUPUBEXP","PRY_NTRY","PC_GDP","A","2011",4.134,
"DNK","EDUPUBEXP","PRY_NTRY","PC_GDP","A","2012",4.513,
"DNK","EDUPUBEXP","PRY_NTRY","PC_GDP","A","2013",4.446,
"DNK","EDUPUBEXP","PRY_NTRY","PC_GDP","A","2014",4.674,
"DNK","EDUPUBEXP","PRY_NTRY","PC_GDP","A","2015",,"M"
"DNK","EDUPUBEXP","PRY_NTRY","PC_GDP","A","2016",,"M"
"FIN","EDUPUBEXP","PRY_NTRY","PC_GDP","A","1995",,"M"
"FIN","EDUPUBEXP","PRY_NTRY","PC_GDP","A","2000",3.449,
"FIN","EDUPUBEXP","PRY_NTRY","PC_GDP","A","2005",3.668,
"FIN","EDUPUBEXP","PRY_NTRY","PC_GDP","A","2008",3.568,
"FIN","EDUPUBEXP","PRY_NTRY","PC_GDP","A","2009",3.89,
"FIN","EDUPUBEXP","PRY_NTRY","PC_GDP","A","2010",3.929,
"FIN","EDUPUBEXP","PRY_NTRY","PC_GDP","A","2011",3.88,
"FIN","EDUPUBEXP","PRY_NTRY","PC_GDP","A","2012",3.912,
"FIN","EDUPUBEXP","PRY_NTRY","PC_GDP","A","2013",3.897,
"FIN","EDUPUBEXP","PRY_NTRY","PC_GDP","A","2014",3.915,
"FIN","EDUPUBEXP","PRY_NTRY","PC_GDP","A","2015",3.97,
"FIN","EDUPUBEXP","PRY_NTRY","PC_GDP","A","2016",,"M"
"FRA","EDUPUBEXP","PRY_NTRY","PC_GDP","A","1995",,"M"
"FRA","EDUPUBEXP","PRY_NTRY","PC_GDP","A","2000",3.808,
"FRA","EDUPUBEXP","PRY_NTRY","PC_GDP","A","2005",3.529,
"FRA","EDUPUBEXP","PRY_NTRY","PC_GDP","A","2008",3.505,
"FRA","EDUPUBEXP","PRY_NTRY","PC_GDP","A","2009",3.635,
"FRA","EDUPUBEXP","PRY_NTRY","PC_GDP","A","2010",3.593,
"FRA","EDUPUBEXP","PRY_NTRY","PC_GDP","A","2011",3.467,
"FRA","EDUPUBEXP","PRY_NTRY","PC_GDP","A","2012",3.447,
"FRA","EDUPUBEXP","PRY_NTRY","PC_GDP","A","2013",3.433,
"FRA","EDUPUBEXP","PRY_NTRY","PC_GDP","A","2014",3.436,
"FRA","EDUPUBEXP","PRY_NTRY","PC_GDP","A","2015",3.398,
"FRA","EDUPUBEXP","PRY_NTRY","PC_GDP","A","2016",,"M"
"DEU","EDUPUBEXP","PRY_NTRY","PC_GDP","A","1995",,"M"
"DEU","EDUPUBEXP","PRY_NTRY","PC_GDP","A","2000",,"M"
"DEU","EDUPUBEXP","PRY_NTRY","PC_GDP","A","2005",2.816,
"DEU","EDUPUBEXP","PRY_NTRY","PC_GDP","A","2008",2.644,
"DEU","EDUPUBEXP","PRY_NTRY","PC_GDP","A","2009",,"M"
"DEU","EDUPUBEXP","PRY_NTRY","PC_GDP","A","2010",2.889,
"DEU","EDUPUBEXP","PRY_NTRY","PC_GDP","A","2011",2.779,
"DEU","EDUPUBEXP","PRY_NTRY","PC_GDP","A","2012",2.708,
"DEU","EDUPUBEXP","PRY_NTRY","PC_GDP","A","2013",2.691,
"DEU","EDUPUBEXP","PRY_NTRY","PC_GDP","A","2014",2.668,
"DEU","EDUPUBEXP","PRY_NTRY","PC_GDP","A","2015",2.608,
"DEU","EDUPUBEXP","PRY_NTRY","PC_GDP","A","2016",,"M"
"HUN","EDUPUBEXP","PRY_NTRY","PC_GDP","A","2000",2.722,
"HUN","EDUPUBEXP","PRY_NTRY","PC_GDP","A","2005",3.215,
"HUN","EDUPUBEXP","PRY_NTRY","PC_GDP","A","2008",2.918,
"HUN","EDUPUBEXP","PRY_NTRY","PC_GDP","A","2009",2.855,
"HUN","EDUPUBEXP","PRY_NTRY","PC_GDP","A","2010",2.737,
"HUN","EDUPUBEXP","PRY_NTRY","PC_GDP","A","2011",2.527,
"HUN","EDUPUBEXP","PRY_NTRY","PC_GDP","A","2012",2.434,
"HUN","EDUPUBEXP","PRY_NTRY","PC_GDP","A","2013",2.311,
"HUN","EDUPUBEXP","PRY_NTRY","PC_GDP","A","2014",2.691,
"HUN","EDUPUBEXP","PRY_NTRY","PC_GDP","A","2015",2.674,
"HUN","EDUPUBEXP","PRY_NTRY","PC_GDP","A","2016",,"M"
"ISL","EDUPUBEXP","PRY_NTRY","PC_GDP","A","1995",,"M"
"ISL","EDUPUBEXP","PRY_NTRY","PC_GDP","A","2000",4.491,
"ISL","EDUPUBEXP","PRY_NTRY","PC_GDP","A","2005",5.031,
"ISL","EDUPUBEXP","PRY_NTRY","PC_GDP","A","2008",4.649,
"ISL","EDUPUBEXP","PRY_NTRY","PC_GDP","A","2009",4.653,
"ISL","EDUPUBEXP","PRY_NTRY","PC_GDP","A","2010",4.473,
"ISL","EDUPUBEXP","PRY_NTRY","PC_GDP","A","2011",4.526,
"ISL","EDUPUBEXP","PRY_NTRY","PC_GDP","A","2012",4.407,
"ISL","EDUPUBEXP","PRY_NTRY","PC_GDP","A","2013",4.349,
"ISL","EDUPUBEXP","PRY_NTRY","PC_GDP","A","2014",4.462,
"ISL","EDUPUBEXP","PRY_NTRY","PC_GDP","A","2015",4.376,
"ISL","EDUPUBEXP","PRY_NTRY","PC_GDP","A","2016",,"M"
"IRL","EDUPUBEXP","PRY_NTRY","PC_GDP","A","1995",,"M"
"IRL","EDUPUBEXP","PRY_NTRY","PC_GDP","A","2000",2.725,
"IRL","EDUPUBEXP","PRY_NTRY","PC_GDP","A","2005",3.139,
"IRL","EDUPUBEXP","PRY_NTRY","PC_GDP","A","2008",3.862,
"IRL","EDUPUBEXP","PRY_NTRY","PC_GDP","A","2009",4.302,
"IRL","EDUPUBEXP","PRY_NTRY","PC_GDP","A","2010",4.27,
"IRL","EDUPUBEXP","PRY_NTRY","PC_GDP","A","2011",4.14,
"IRL","EDUPUBEXP","PRY_NTRY","PC_GDP","A","2012",4.128,
"IRL","EDUPUBEXP","PRY_NTRY","PC_GDP","A","2013",3.798,
"IRL","EDUPUBEXP","PRY_NTRY","PC_GDP","A","2014",3.509,
"IRL","EDUPUBEXP","PRY_NTRY","PC_GDP","A","2015",2.511,
"IRL","EDUPUBEXP","PRY_NTRY","PC_GDP","A","2016",,"M"
"ITA","EDUPUBEXP","PRY_NTRY","PC_GDP","A","1995",,"M"
"ITA","EDUPUBEXP","PRY_NTRY","PC_GDP","A","2000",3,
"ITA","EDUPUBEXP","PRY_NTRY","PC_GDP","A","2005",3.026,
"ITA","EDUPUBEXP","PRY_NTRY","PC_GDP","A","2008",3.091,
"ITA","EDUPUBEXP","PRY_NTRY","PC_GDP","A","2009",3.167,
"ITA","EDUPUBEXP","PRY_NTRY","PC_GDP","A","2010",3.001,
"ITA","EDUPUBEXP","PRY_NTRY","PC_GDP","A","2011",2.84,
"ITA","EDUPUBEXP","PRY_NTRY","PC_GDP","A","2012",2.787,
"ITA","EDUPUBEXP","PRY_NTRY","PC_GDP","A","2013",2.838,
"ITA","EDUPUBEXP","PRY_NTRY","PC_GDP","A","2014",2.751,
"ITA","EDUPUBEXP","PRY_NTRY","PC_GDP","A","2015",2.78,
"ITA","EDUPUBEXP","PRY_NTRY","PC_GDP","A","2016",,"M"
"JPN","EDUPUBEXP","PRY_NTRY","PC_GDP","A","1995",,"M"
"JPN","EDUPUBEXP","PRY_NTRY","PC_GDP","A","2000",2.602,
"JPN","EDUPUBEXP","PRY_NTRY","PC_GDP","A","2005",2.472,
"JPN","EDUPUBEXP","PRY_NTRY","PC_GDP","A","2008",2.5,
"JPN","EDUPUBEXP","PRY_NTRY","PC_GDP","A","2009",2.595,
"JPN","EDUPUBEXP","PRY_NTRY","PC_GDP","A","2010",2.647,
"JPN","EDUPUBEXP","PRY_NTRY","PC_GDP","A","2011",2.64,
"JPN","EDUPUBEXP","PRY_NTRY","PC_GDP","A","2012",2.62,
"JPN","EDUPUBEXP","PRY_NTRY","PC_GDP","A","2013",2.532,
"JPN","EDUPUBEXP","PRY_NTRY","PC_GDP","A","2014",2.546,
"JPN","EDUPUBEXP","PRY_NTRY","PC_GDP","A","2015",2.479,
"JPN","EDUPUBEXP","PRY_NTRY","PC_GDP","A","2016",,"M"
"KOR","EDUPUBEXP","PRY_NTRY","PC_GDP","A","1995",,"M"
"KOR","EDUPUBEXP","PRY_NTRY","PC_GDP","A","2000",,"M"
"KOR","EDUPUBEXP","PRY_NTRY","PC_GDP","A","2005",2.946,
"KOR","EDUPUBEXP","PRY_NTRY","PC_GDP","A","2008",3.003,
"KOR","EDUPUBEXP","PRY_NTRY","PC_GDP","A","2009",3.284,
"KOR","EDUPUBEXP","PRY_NTRY","PC_GDP","A","2010",3.548,
"KOR","EDUPUBEXP","PRY_NTRY","PC_GDP","A","2011",3.613,
"KOR","EDUPUBEXP","PRY_NTRY","PC_GDP","A","2012",3.736,
"KOR","EDUPUBEXP","PRY_NTRY","PC_GDP","A","2013",3.602,
"KOR","EDUPUBEXP","PRY_NTRY","PC_GDP","A","2014",3.482,
"KOR","EDUPUBEXP","PRY_NTRY","PC_GDP","A","2015",3.469,
"KOR","EDUPUBEXP","PRY_NTRY","PC_GDP","A","2016",,"M"
"LUX","EDUPUBEXP","PRY_NTRY","PC_GDP","A","1995",,"M"
"LUX","EDUPUBEXP","PRY_NTRY","PC_GDP","A","2000",,"M"
"LUX","EDUPUBEXP","PRY_NTRY","PC_GDP","A","2005",3.727,
"LUX","EDUPUBEXP","PRY_NTRY","PC_GDP","A","2008",,"M"
"LUX","EDUPUBEXP","PRY_NTRY","PC_GDP","A","2009",3.775,
"LUX","EDUPUBEXP","PRY_NTRY","PC_GDP","A","2010",3.474,
"LUX","EDUPUBEXP","PRY_NTRY","PC_GDP","A","2011",3.242,
"LUX","EDUPUBEXP","PRY_NTRY","PC_GDP","A","2012",3.146,
"LUX","EDUPUBEXP","PRY_NTRY","PC_GDP","A","2013",2.764,
"LUX","EDUPUBEXP","PRY_NTRY","PC_GDP","A","2014",2.878,
"LUX","EDUPUBEXP","PRY_NTRY","PC_GDP","A","2015",2.794,
"LUX","EDUPUBEXP","PRY_NTRY","PC_GDP","A","2016",,"M"
"MEX","EDUPUBEXP","PRY_NTRY","PC_GDP","A","1995",,"M"
"MEX","EDUPUBEXP","PRY_NTRY","PC_GDP","A","2000",2.701,
"MEX","EDUPUBEXP","PRY_NTRY","PC_GDP","A","2005",3.169,
"MEX","EDUPUBEXP","PRY_NTRY","PC_GDP","A","2008",3,
"MEX","EDUPUBEXP","PRY_NTRY","PC_GDP","A","2009",3.158,
"MEX","EDUPUBEXP","PRY_NTRY","PC_GDP","A","2010",3.221,
"MEX","EDUPUBEXP","PRY_NTRY","PC_GDP","A","2011",3.212,
"MEX","EDUPUBEXP","PRY_NTRY","PC_GDP","A","2012",3.159,
"MEX","EDUPUBEXP","PRY_NTRY","PC_GDP","A","2013",3.208,
"MEX","EDUPUBEXP","PRY_NTRY","PC_GDP","A","2014",3.19,
"MEX","EDUPUBEXP","PRY_NTRY","PC_GDP","A","2015",3.204,
"MEX","EDUPUBEXP","PRY_NTRY","PC_GDP","A","2016",,"M"
"NLD","EDUPUBEXP","PRY_NTRY","PC_GDP","A","1995",,"M"
"NLD","EDUPUBEXP","PRY_NTRY","PC_GDP","A","2000",2.722,
"NLD","EDUPUBEXP","PRY_NTRY","PC_GDP","A","2005",3.12,
"NLD","EDUPUBEXP","PRY_NTRY","PC_GDP","A","2008",2.985,
"NLD","EDUPUBEXP","PRY_NTRY","PC_GDP","A","2009",3.321,
"NLD","EDUPUBEXP","PRY_NTRY","PC_GDP","A","2010",3.315,
"NLD","EDUPUBEXP","PRY_NTRY","PC_GDP","A","2011",3.229,
"NLD","EDUPUBEXP","PRY_NTRY","PC_GDP","A","2012",3.253,
"NLD","EDUPUBEXP","PRY_NTRY","PC_GDP","A","2013",3.318,
"NLD","EDUPUBEXP","PRY_NTRY","PC_GDP","A","2014",3.188,
"NLD","EDUPUBEXP","PRY_NTRY","PC_GDP","A","2015",3.176,
"NLD","EDUPUBEXP","PRY_NTRY","PC_GDP","A","2016",,"M"
"NZL","EDUPUBEXP","PRY_NTRY","PC_GDP","A","1995",,"M"
"NZL","EDUPUBEXP","PRY_NTRY","PC_GDP","A","2000",,"M"
"NZL","EDUPUBEXP","PRY_NTRY","PC_GDP","A","2005",,"M"
"NZL","EDUPUBEXP","PRY_NTRY","PC_GDP","A","2008",,"M"
"NZL","EDUPUBEXP","PRY_NTRY","PC_GDP","A","2009",,"M"
"NZL","EDUPUBEXP","PRY_NTRY","PC_GDP","A","2010",,"M"
"NZL","EDUPUBEXP","PRY_NTRY","PC_GDP","A","2011",,"M"
"NZL","EDUPUBEXP","PRY_NTRY","PC_GDP","A","2012",3.946,
"NZL","EDUPUBEXP","PRY_NTRY","PC_GDP","A","2013",3.785,
"NZL","EDUPUBEXP","PRY_NTRY","PC_GDP","A","2014",3.763,
"NZL","EDUPUBEXP","PRY_NTRY","PC_GDP","A","2015",3.784,
"NZL","EDUPUBEXP","PRY_NTRY","PC_GDP","A","2016",,"M"
"NOR","EDUPUBEXP","PRY_NTRY","PC_GDP","A","1995",,"M"
"NOR","EDUPUBEXP","PRY_NTRY","PC_GDP","A","2000",4.921,
"NOR","EDUPUBEXP","PRY_NTRY","PC_GDP","A","2005",4.894,
"NOR","EDUPUBEXP","PRY_NTRY","PC_GDP","A","2008",4.61,
"NOR","EDUPUBEXP","PRY_NTRY","PC_GDP","A","2009",4.989,
"NOR","EDUPUBEXP","PRY_NTRY","PC_GDP","A","2010",4.866,
"NOR","EDUPUBEXP","PRY_NTRY","PC_GDP","A","2011",4.732,
"NOR","EDUPUBEXP","PRY_NTRY","PC_GDP","A","2012",4.6,
"NOR","EDUPUBEXP","PRY_NTRY","PC_GDP","A","2013",4.685,
"NOR","EDUPUBEXP","PRY_NTRY","PC_GDP","A","2014",4.499,
"NOR","EDUPUBEXP","PRY_NTRY","PC_GDP","A","2015",4.612,
"NOR","EDUPUBEXP","PRY_NTRY","PC_GDP","A","2016",,"M"
"POL","EDUPUBEXP","PRY_NTRY","PC_GDP","A","1995",,"M"
"POL","EDUPUBEXP","PRY_NTRY","PC_GDP","A","2000",,"M"
"POL","EDUPUBEXP","PRY_NTRY","PC_GDP","A","2005",3.641,
"POL","EDUPUBEXP","PRY_NTRY","PC_GDP","A","2008",3.387,
"POL","EDUPUBEXP","PRY_NTRY","PC_GDP","A","2009",3.377,
"POL","EDUPUBEXP","PRY_NTRY","PC_GDP","A","2010",3.36,
"POL","EDUPUBEXP","PRY_NTRY","PC_GDP","A","2011",3.153,
"POL","EDUPUBEXP","PRY_NTRY","PC_GDP","A","2012",3.105,
"POL","EDUPUBEXP","PRY_NTRY","PC_GDP","A","2013",3.066,
"POL","EDUPUBEXP","PRY_NTRY","PC_GDP","A","2014",3.039,
"POL","EDUPUBEXP","PRY_NTRY","PC_GDP","A","2015",2.929,
"POL","EDUPUBEXP","PRY_NTRY","PC_GDP","A","2016",,"M"
"PRT","EDUPUBEXP","PRY_NTRY","PC_GDP","A","1995",,"M"
"PRT","EDUPUBEXP","PRY_NTRY","PC_GDP","A","2000",3.709,
"PRT","EDUPUBEXP","PRY_NTRY","PC_GDP","A","2005",3.569,
"PRT","EDUPUBEXP","PRY_NTRY","PC_GDP","A","2008",3.267,
"PRT","EDUPUBEXP","PRY_NTRY","PC_GDP","A","2009",3.823,
"PRT","EDUPUBEXP","PRY_NTRY","PC_GDP","A","2010",3.733,
"PRT","EDUPUBEXP","PRY_NTRY","PC_GDP","A","2011",3.558,
"PRT","EDUPUBEXP","PRY_NTRY","PC_GDP","A","2012",3.543,
"PRT","EDUPUBEXP","PRY_NTRY","PC_GDP","A","2013",3.775,
"PRT","EDUPUBEXP","PRY_NTRY","PC_GDP","A","2014",3.59,
"PRT","EDUPUBEXP","PRY_NTRY","PC_GDP","A","2015",3.392,
"PRT","EDUPUBEXP","PRY_NTRY","PC_GDP","A","2016",,"M"
"SVK","EDUPUBEXP","PRY_NTRY","PC_GDP","A","1995",,"M"
"SVK","EDUPUBEXP","PRY_NTRY","PC_GDP","A","2000",2.581,
"SVK","EDUPUBEXP","PRY_NTRY","PC_GDP","A","2005",2.41,
"SVK","EDUPUBEXP","PRY_NTRY","PC_GDP","A","2008",2.14,
"SVK","EDUPUBEXP","PRY_NTRY","PC_GDP","A","2009",2.514,
"SVK","EDUPUBEXP","PRY_NTRY","PC_GDP","A","2010",2.638,
"SVK","EDUPUBEXP","PRY_NTRY","PC_GDP","A","2011",2.404,
"SVK","EDUPUBEXP","PRY_NTRY","PC_GDP","A","2012",2.342,
"SVK","EDUPUBEXP","PRY_NTRY","PC_GDP","A","2013",2.419,
"SVK","EDUPUBEXP","PRY_NTRY","PC_GDP","A","2014",2.476,
"SVK","EDUPUBEXP","PRY_NTRY","PC_GDP","A","2015",2.554,
"SVK","EDUPUBEXP","PRY_NTRY","PC_GDP","A","2016",,"M"
"ESP","EDUPUBEXP","PRY_NTRY","PC_GDP","A","1995",,"M"
"ESP","EDUPUBEXP","PRY_NTRY","PC_GDP","A","2000",2.876,
"ESP","EDUPUBEXP","PRY_NTRY","PC_GDP","A","2005",2.65,
"ESP","EDUPUBEXP","PRY_NTRY","PC_GDP","A","2008",2.785,
"ESP","EDUPUBEXP","PRY_NTRY","PC_GDP","A","2009",2.998,
"ESP","EDUPUBEXP","PRY_NTRY","PC_GDP","A","2010",2.944,
"ESP","EDUPUBEXP","PRY_NTRY","PC_GDP","A","2011",2.881,
"ESP","EDUPUBEXP","PRY_NTRY","PC_GDP","A","2012",2.747,
"ESP","EDUPUBEXP","PRY_NTRY","PC_GDP","A","2013",2.679,
"ESP","EDUPUBEXP","PRY_NTRY","PC_GDP","A","2014",2.639,
"ESP","EDUPUBEXP","PRY_NTRY","PC_GDP","A","2015",2.656,
"ESP","EDUPUBEXP","PRY_NTRY","PC_GDP","A","2016",,"M"
"SWE","EDUPUBEXP","PRY_NTRY","PC_GDP","A","1995",,"M"
"SWE","EDUPUBEXP","PRY_NTRY","PC_GDP","A","2000",4.015,
"SWE","EDUPUBEXP","PRY_NTRY","PC_GDP","A","2005",3.994,
"SWE","EDUPUBEXP","PRY_NTRY","PC_GDP","A","2008",3.822,
"SWE","EDUPUBEXP","PRY_NTRY","PC_GDP","A","2009",3.983,
"SWE","EDUPUBEXP","PRY_NTRY","PC_GDP","A","2010",3.775,
"SWE","EDUPUBEXP","PRY_NTRY","PC_GDP","A","2011",3.686,
"SWE","EDUPUBEXP","PRY_NTRY","PC_GDP","A","2012",3.708,
"SWE","EDUPUBEXP","PRY_NTRY","PC_GDP","A","2013",3.703,
"SWE","EDUPUBEXP","PRY_NTRY","PC_GDP","A","2014",3.68,
"SWE","EDUPUBEXP","PRY_NTRY","PC_GDP","A","2015",3.646,
"SWE","EDUPUBEXP","PRY_NTRY","PC_GDP","A","2016",,"M"
"CHE","EDUPUBEXP","PRY_NTRY","PC_GDP","A","1995",,"M"
"CHE","EDUPUBEXP","PRY_NTRY","PC_GDP","A","2000",3.307,
"CHE","EDUPUBEXP","PRY_NTRY","PC_GDP","A","2005",3.469,
"CHE","EDUPUBEXP","PRY_NTRY","PC_GDP","A","2008",3.083,
"CHE","EDUPUBEXP","PRY_NTRY","PC_GDP","A","2009",3.278,
"CHE","EDUPUBEXP","PRY_NTRY","PC_GDP","A","2010",3.196,
"CHE","EDUPUBEXP","PRY_NTRY","PC_GDP","A","2011",3.202,
"CHE","EDUPUBEXP","PRY_NTRY","PC_GDP","A","2012",3.393,
"CHE","EDUPUBEXP","PRY_NTRY","PC_GDP","A","2013",3.412,
"CHE","EDUPUBEXP","PRY_NTRY","PC_GDP","A","2014",3.353,
"CHE","EDUPUBEXP","PRY_NTRY","PC_GDP","A","2015",3.232,
"CHE","EDUPUBEXP","PRY_NTRY","PC_GDP","A","2016",,"M"
"GBR","EDUPUBEXP","PRY_NTRY","PC_GDP","A","1995",,"M"
"GBR","EDUPUBEXP","PRY_NTRY","PC_GDP","A","2000",2.799,
"GBR","EDUPUBEXP","PRY_NTRY","PC_GDP","A","2005",3.254,
"GBR","EDUPUBEXP","PRY_NTRY","PC_GDP","A","2008",2.986,
"GBR","EDUPUBEXP","PRY_NTRY","PC_GDP","A","2009",3.271,
"GBR","EDUPUBEXP","PRY_NTRY","PC_GDP","A","2010",3.344,
"GBR","EDUPUBEXP","PRY_NTRY","PC_GDP","A","2011",3.659,
"GBR","EDUPUBEXP","PRY_NTRY","PC_GDP","A","2012",3.634,
"GBR","EDUPUBEXP","PRY_NTRY","PC_GDP","A","2013",3.931,
"GBR","EDUPUBEXP","PRY_NTRY","PC_GDP","A","2014",4.082,
"GBR","EDUPUBEXP","PRY_NTRY","PC_GDP","A","2015",3.783,
"GBR","EDUPUBEXP","PRY_NTRY","PC_GDP","A","2016",,"M"
"USA","EDUPUBEXP","PRY_NTRY","PC_GDP","A","1995",,"M"
"USA","EDUPUBEXP","PRY_NTRY","PC_GDP","A","2000",3.369,
"USA","EDUPUBEXP","PRY_NTRY","PC_GDP","A","2005",3.455,
"USA","EDUPUBEXP","PRY_NTRY","PC_GDP","A","2008",3.597,
"USA","EDUPUBEXP","PRY_NTRY","PC_GDP","A","2009",3.662,
"USA","EDUPUBEXP","PRY_NTRY","PC_GDP","A","2010",3.607,
"USA","EDUPUBEXP","PRY_NTRY","PC_GDP","A","2011",3.458,
"USA","EDUPUBEXP","PRY_NTRY","PC_GDP","A","2012",3.311,
"USA","EDUPUBEXP","PRY_NTRY","PC_GDP","A","2013",3.231,
"USA","EDUPUBEXP","PRY_NTRY","PC_GDP","A","2014",3.205,
"USA","EDUPUBEXP","PRY_NTRY","PC_GDP","A","2015",3.207,
"USA","EDUPUBEXP","PRY_NTRY","PC_GDP","A","2016",,"M"
"BRA","EDUPUBEXP","PRY_NTRY","PC_GDP","A","1995",,"M"
"BRA","EDUPUBEXP","PRY_NTRY","PC_GDP","A","2000",2.4,
"BRA","EDUPUBEXP","PRY_NTRY","PC_GDP","A","2005",3.197,
"BRA","EDUPUBEXP","PRY_NTRY","PC_GDP","A","2008",3.958,
"BRA","EDUPUBEXP","PRY_NTRY","PC_GDP","A","2009",4.129,
"BRA","EDUPUBEXP","PRY_NTRY","PC_GDP","A","2010",4.201,
"BRA","EDUPUBEXP","PRY_NTRY","PC_GDP","A","2011",4.183,
"BRA","EDUPUBEXP","PRY_NTRY","PC_GDP","A","2012",4.168,
"BRA","EDUPUBEXP","PRY_NTRY","PC_GDP","A","2013",4.152,
"BRA","EDUPUBEXP","PRY_NTRY","PC_GDP","A","2014",4.022,
"BRA","EDUPUBEXP","PRY_NTRY","PC_GDP","A","2015",4.061,
"BRA","EDUPUBEXP","PRY_NTRY","PC_GDP","A","2016",,"M"
"CHL","EDUPUBEXP","PRY_NTRY","PC_GDP","A","1995",,"M"
"CHL","EDUPUBEXP","PRY_NTRY","PC_GDP","A","2000",2.906,
"CHL","EDUPUBEXP","PRY_NTRY","PC_GDP","A","2005",2.488,
"CHL","EDUPUBEXP","PRY_NTRY","PC_GDP","A","2008",2.802,
"CHL","EDUPUBEXP","PRY_NTRY","PC_GDP","A","2009",3.014,
"CHL","EDUPUBEXP","PRY_NTRY","PC_GDP","A","2010",2.656,
"CHL","EDUPUBEXP","PRY_NTRY","PC_GDP","A","2011",2.621,
"CHL","EDUPUBEXP","PRY_NTRY","PC_GDP","A","2012",2.93,
"CHL","EDUPUBEXP","PRY_NTRY","PC_GDP","A","2013",2.636,
"CHL","EDUPUBEXP","PRY_NTRY","PC_GDP","A","2014",2.451,
"CHL","EDUPUBEXP","PRY_NTRY","PC_GDP","A","2015",2.63,
"CHL","EDUPUBEXP","PRY_NTRY","PC_GDP","A","2016",3.026,
"EST","EDUPUBEXP","PRY_NTRY","PC_GDP","A","1995",,"M"
"EST","EDUPUBEXP","PRY_NTRY","PC_GDP","A","2000",3.862,
"EST","EDUPUBEXP","PRY_NTRY","PC_GDP","A","2005",3.398,
"EST","EDUPUBEXP","PRY_NTRY","PC_GDP","A","2008",3.747,
"EST","EDUPUBEXP","PRY_NTRY","PC_GDP","A","2009",4.022,
"EST","EDUPUBEXP","PRY_NTRY","PC_GDP","A","2010",3.754,
"EST","EDUPUBEXP","PRY_NTRY","PC_GDP","A","2011",3.241,
"EST","EDUPUBEXP","PRY_NTRY","PC_GDP","A","2012",3.146,
"EST","EDUPUBEXP","PRY_NTRY","PC_GDP","A","2013",3.093,
"EST","EDUPUBEXP","PRY_NTRY","PC_GDP","A","2014",2.656,
"EST","EDUPUBEXP","PRY_NTRY","PC_GDP","A","2015",2.749,
"EST","EDUPUBEXP","PRY_NTRY","PC_GDP","A","2016",,"M"
"IND","EDUPUBEXP","PRY_NTRY","PC_GDP","A","1995",,"M"
"IND","EDUPUBEXP","PRY_NTRY","PC_GDP","A","2000",,"M"
"IND","EDUPUBEXP","PRY_NTRY","PC_GDP","A","2005",,"M"
"IND","EDUPUBEXP","PRY_NTRY","PC_GDP","A","2008",,"M"
"IND","EDUPUBEXP","PRY_NTRY","PC_GDP","A","2009",,"M"
"IND","EDUPUBEXP","PRY_NTRY","PC_GDP","A","2010",,"M"
"IND","EDUPUBEXP","PRY_NTRY","PC_GDP","A","2011",,"M"
"IND","EDUPUBEXP","PRY_NTRY","PC_GDP","A","2012",,"M"
"IND","EDUPUBEXP","PRY_NTRY","PC_GDP","A","2013",2.355,
"IND","EDUPUBEXP","PRY_NTRY","PC_GDP","A","2014",,"M"
"IND","EDUPUBEXP","PRY_NTRY","PC_GDP","A","2015",,"M"
"IND","EDUPUBEXP","PRY_NTRY","PC_GDP","A","2016",,"M"
"IDN","EDUPUBEXP","PRY_NTRY","PC_GDP","A","1995",,"M"
"IDN","EDUPUBEXP","PRY_NTRY","PC_GDP","A","2000",,"M"
"IDN","EDUPUBEXP","PRY_NTRY","PC_GDP","A","2005",,"M"
"IDN","EDUPUBEXP","PRY_NTRY","PC_GDP","A","2008",,"M"
"IDN","EDUPUBEXP","PRY_NTRY","PC_GDP","A","2009",,"M"
"IDN","EDUPUBEXP","PRY_NTRY","PC_GDP","A","2010",,"M"
"IDN","EDUPUBEXP","PRY_NTRY","PC_GDP","A","2011",,"M"
"IDN","EDUPUBEXP","PRY_NTRY","PC_GDP","A","2012",2.515,
"IDN","EDUPUBEXP","PRY_NTRY","PC_GDP","A","2013",2.27,
"IDN","EDUPUBEXP","PRY_NTRY","PC_GDP","A","2014",,"M"
"IDN","EDUPUBEXP","PRY_NTRY","PC_GDP","A","2015",2.492,
"IDN","EDUPUBEXP","PRY_NTRY","PC_GDP","A","2016",,"M"
"ISR","EDUPUBEXP","PRY_NTRY","PC_GDP","A","2000",3.974,
"ISR","EDUPUBEXP","PRY_NTRY","PC_GDP","A","2005",3.534,
"ISR","EDUPUBEXP","PRY_NTRY","PC_GDP","A","2008",3.66,
"ISR","EDUPUBEXP","PRY_NTRY","PC_GDP","A","2009",3.531,
"ISR","EDUPUBEXP","PRY_NTRY","PC_GDP","A","2010",3.667,
"ISR","EDUPUBEXP","PRY_NTRY","PC_GDP","A","2011",3.747,
"ISR","EDUPUBEXP","PRY_NTRY","PC_GDP","A","2012",3.897,
"ISR","EDUPUBEXP","PRY_NTRY","PC_GDP","A","2013",3.872,
"ISR","EDUPUBEXP","PRY_NTRY","PC_GDP","A","2014",3.857,
"ISR","EDUPUBEXP","PRY_NTRY","PC_GDP","A","2015",4.033,
"ISR","EDUPUBEXP","PRY_NTRY","PC_GDP","A","2016",,"M"
"RUS","EDUPUBEXP","PRY_NTRY","PC_GDP","A","1995",,"M"
"RUS","EDUPUBEXP","PRY_NTRY","PC_GDP","A","2000",1.543,
"RUS","EDUPUBEXP","PRY_NTRY","PC_GDP","A","2005",1.746,
"RUS","EDUPUBEXP","PRY_NTRY","PC_GDP","A","2008",1.864,
"RUS","EDUPUBEXP","PRY_NTRY","PC_GDP","A","2009",2.134,
"RUS","EDUPUBEXP","PRY_NTRY","PC_GDP","A","2010",1.849,
"RUS","EDUPUBEXP","PRY_NTRY","PC_GDP","A","2011",1.822,
"RUS","EDUPUBEXP","PRY_NTRY","PC_GDP","A","2012",2.015,
"RUS","EDUPUBEXP","PRY_NTRY","PC_GDP","A","2013",2.044,
"RUS","EDUPUBEXP","PRY_NTRY","PC_GDP","A","2014",1.945,
"RUS","EDUPUBEXP","PRY_NTRY","PC_GDP","A","2015",1.843,
"RUS","EDUPUBEXP","PRY_NTRY","PC_GDP","A","2016",,"M"
"SVN","EDUPUBEXP","PRY_NTRY","PC_GDP","A","1995",,"M"
"SVN","EDUPUBEXP","PRY_NTRY","PC_GDP","A","2000",,"M"
"SVN","EDUPUBEXP","PRY_NTRY","PC_GDP","A","2005",3.723,
"SVN","EDUPUBEXP","PRY_NTRY","PC_GDP","A","2008",3.31,
"SVN","EDUPUBEXP","PRY_NTRY","PC_GDP","A","2009",3.529,
"SVN","EDUPUBEXP","PRY_NTRY","PC_GDP","A","2010",3.5,
"SVN","EDUPUBEXP","PRY_NTRY","PC_GDP","A","2011",3.396,
"SVN","EDUPUBEXP","PRY_NTRY","PC_GDP","A","2012",3.359,
"SVN","EDUPUBEXP","PRY_NTRY","PC_GDP","A","2013",3.293,
"SVN","EDUPUBEXP","PRY_NTRY","PC_GDP","A","2014",3.155,
"SVN","EDUPUBEXP","PRY_NTRY","PC_GDP","A","2015",2.955,
"SVN","EDUPUBEXP","PRY_NTRY","PC_GDP","A","2016",,"M"
"ZAF","EDUPUBEXP","PRY_NTRY","PC_GDP","A","1995",,"M"
"ZAF","EDUPUBEXP","PRY_NTRY","PC_GDP","A","2000",,"M"
"ZAF","EDUPUBEXP","PRY_NTRY","PC_GDP","A","2005",,"M"
"ZAF","EDUPUBEXP","PRY_NTRY","PC_GDP","A","2008",,"M"
"ZAF","EDUPUBEXP","PRY_NTRY","PC_GDP","A","2009",,"M"
"ZAF","EDUPUBEXP","PRY_NTRY","PC_GDP","A","2010",,"M"
"ZAF","EDUPUBEXP","PRY_NTRY","PC_GDP","A","2011",,"M"
"ZAF","EDUPUBEXP","PRY_NTRY","PC_GDP","A","2012",5.158,
"ZAF","EDUPUBEXP","PRY_NTRY","PC_GDP","A","2013",4.774,
"ZAF","EDUPUBEXP","PRY_NTRY","PC_GDP","A","2014",4.861,
"ZAF","EDUPUBEXP","PRY_NTRY","PC_GDP","A","2015",,"M"
"ZAF","EDUPUBEXP","PRY_NTRY","PC_GDP","A","2016",,"M"
"AUS","EDUPUBEXP","PRY_TRY","PC_GDP","A","1995",,"M"
"AUS","EDUPUBEXP","PRY_TRY","PC_GDP","A","2000",3.897,
"AUS","EDUPUBEXP","PRY_TRY","PC_GDP","A","2005",3.929,
"AUS","EDUPUBEXP","PRY_TRY","PC_GDP","A","2008",3.869,
"AUS","EDUPUBEXP","PRY_TRY","PC_GDP","A","2009",4.306,
"AUS","EDUPUBEXP","PRY_TRY","PC_GDP","A","2010",4.582,
"AUS","EDUPUBEXP","PRY_TRY","PC_GDP","A","2011",4.244,
"AUS","EDUPUBEXP","PRY_TRY","PC_GDP","A","2012",4.023,
"AUS","EDUPUBEXP","PRY_TRY","PC_GDP","A","2013",3.984,
"AUS","EDUPUBEXP","PRY_TRY","PC_GDP","A","2014",3.93,
"AUS","EDUPUBEXP","PRY_TRY","PC_GDP","A","2015",3.951,
"AUS","EDUPUBEXP","PRY_TRY","PC_GDP","A","2016",,"M"
"AUT","EDUPUBEXP","PRY_TRY","PC_GDP","A","1995",,"M"
"AUT","EDUPUBEXP","PRY_TRY","PC_GDP","A","2000",,"M"
"AUT","EDUPUBEXP","PRY_TRY","PC_GDP","A","2005",,"M"
"AUT","EDUPUBEXP","PRY_TRY","PC_GDP","A","2008",,"M"
"AUT","EDUPUBEXP","PRY_TRY","PC_GDP","A","2009",,"M"
"AUT","EDUPUBEXP","PRY_TRY","PC_GDP","A","2010",,"M"
"AUT","EDUPUBEXP","PRY_TRY","PC_GDP","A","2011",,"M"
"AUT","EDUPUBEXP","PRY_TRY","PC_GDP","A","2012",4.655,
"AUT","EDUPUBEXP","PRY_TRY","PC_GDP","A","2013",4.721,
"AUT","EDUPUBEXP","PRY_TRY","PC_GDP","A","2014",4.596,
"AUT","EDUPUBEXP","PRY_TRY","PC_GDP","A","2015",4.611,
"AUT","EDUPUBEXP","PRY_TRY","PC_GDP","A","2016",,"M"
"BEL","EDUPUBEXP","PRY_TRY","PC_GDP","A","1995",,"M"
"BEL","EDUPUBEXP","PRY_TRY","PC_GDP","A","2000",,"M"
"BEL","EDUPUBEXP","PRY_TRY","PC_GDP","A","2005",4.949,
"BEL","EDUPUBEXP","PRY_TRY","PC_GDP","A","2008",5.237,
"BEL","EDUPUBEXP","PRY_TRY","PC_GDP","A","2009",5.343,
"BEL","EDUPUBEXP","PRY_TRY","PC_GDP","A","2010",5.322,
"BEL","EDUPUBEXP","PRY_TRY","PC_GDP","A","2011",5.3,
"BEL","EDUPUBEXP","PRY_TRY","PC_GDP","A","2012",5.391,
"BEL","EDUPUBEXP","PRY_TRY","PC_GDP","A","2013",5.466,
"BEL","EDUPUBEXP","PRY_TRY","PC_GDP","A","2014",5.422,
"BEL","EDUPUBEXP","PRY_TRY","PC_GDP","A","2015",5.353,
"BEL","EDUPUBEXP","PRY_TRY","PC_GDP","A","2016",,"M"
"CAN","EDUPUBEXP","PRY_TRY","PC_GDP","A","1995",,"M"
"CAN","EDUPUBEXP","PRY_TRY","PC_GDP","A","2000",4.348,
"CAN","EDUPUBEXP","PRY_TRY","PC_GDP","A","2005",4.201,
"CAN","EDUPUBEXP","PRY_TRY","PC_GDP","A","2008",4.636,
"CAN","EDUPUBEXP","PRY_TRY","PC_GDP","A","2009",4.94,
"CAN","EDUPUBEXP","PRY_TRY","PC_GDP","A","2010",4.833,
"CAN","EDUPUBEXP","PRY_TRY","PC_GDP","A","2011",4.596,
"CAN","EDUPUBEXP","PRY_TRY","PC_GDP","A","2012",4.533,
"CAN","EDUPUBEXP","PRY_TRY","PC_GDP","A","2013",4.391,
"CAN","EDUPUBEXP","PRY_TRY","PC_GDP","A","2014",4.325,
"CAN","EDUPUBEXP","PRY_TRY","PC_GDP","A","2015",4.37,
"CAN","EDUPUBEXP","PRY_TRY","PC_GDP","A","2016",,"M"
"CZE","EDUPUBEXP","PRY_TRY","PC_GDP","A","1995",,"M"
"CZE","EDUPUBEXP","PRY_TRY","PC_GDP","A","2000",2.989,
"CZE","EDUPUBEXP","PRY_TRY","PC_GDP","A","2005",3.255,
"CZE","EDUPUBEXP","PRY_TRY","PC_GDP","A","2008",3.125,
"CZE","EDUPUBEXP","PRY_TRY","PC_GDP","A","2009",3.448,
"CZE","EDUPUBEXP","PRY_TRY","PC_GDP","A","2010",3.342,
"CZE","EDUPUBEXP","PRY_TRY","PC_GDP","A","2011",3.556,
"CZE","EDUPUBEXP","PRY_TRY","PC_GDP","A","2012",3.482,
"CZE","EDUPUBEXP","PRY_TRY","PC_GDP","A","2013",3.303,
"CZE","EDUPUBEXP","PRY_TRY","PC_GDP","A","2014",3.192,
"CZE","EDUPUBEXP","PRY_TRY","PC_GDP","A","2015",3.18,
"CZE","EDUPUBEXP","PRY_TRY","PC_GDP","A","2016",,"M"
"DNK","EDUPUBEXP","PRY_TRY","PC_GDP","A","1995",,"M"
"DNK","EDUPUBEXP","PRY_TRY","PC_GDP","A","2000",5.404,
"DNK","EDUPUBEXP","PRY_TRY","PC_GDP","A","2005",5.869,
"DNK","EDUPUBEXP","PRY_TRY","PC_GDP","A","2008",5.55,
"DNK","EDUPUBEXP","PRY_TRY","PC_GDP","A","2009",6.207,
"DNK","EDUPUBEXP","PRY_TRY","PC_GDP","A","2010",6.241,
"DNK","EDUPUBEXP","PRY_TRY","PC_GDP","A","2011",5.83,
"DNK","EDUPUBEXP","PRY_TRY","PC_GDP","A","2012",5.982,
"DNK","EDUPUBEXP","PRY_TRY","PC_GDP","A","2013",5.986,
"DNK","EDUPUBEXP","PRY_TRY","PC_GDP","A","2014",6.237,
"DNK","EDUPUBEXP","PRY_TRY","PC_GDP","A","2015",,"M"
"DNK","EDUPUBEXP","PRY_TRY","PC_GDP","A","2016",,"M"
"FIN","EDUPUBEXP","PRY_TRY","PC_GDP","A","1995",,"M"
"FIN","EDUPUBEXP","PRY_TRY","PC_GDP","A","2000",5.052,
"FIN","EDUPUBEXP","PRY_TRY","PC_GDP","A","2005",5.259,
"FIN","EDUPUBEXP","PRY_TRY","PC_GDP","A","2008",5.109,
"FIN","EDUPUBEXP","PRY_TRY","PC_GDP","A","2009",5.625,
"FIN","EDUPUBEXP","PRY_TRY","PC_GDP","A","2010",5.696,
"FIN","EDUPUBEXP","PRY_TRY","PC_GDP","A","2011",5.666,
"FIN","EDUPUBEXP","PRY_TRY","PC_GDP","A","2012",5.689,
"FIN","EDUPUBEXP","PRY_TRY","PC_GDP","A","2013",5.635,
"FIN","EDUPUBEXP","PRY_TRY","PC_GDP","A","2014",5.628,
"FIN","EDUPUBEXP","PRY_TRY","PC_GDP","A","2015",5.576,
"FIN","EDUPUBEXP","PRY_TRY","PC_GDP","A","2016",,"M"
"FRA","EDUPUBEXP","PRY_TRY","PC_GDP","A","1995",,"M"
"FRA","EDUPUBEXP","PRY_TRY","PC_GDP","A","2000",4.899,
"FRA","EDUPUBEXP","PRY_TRY","PC_GDP","A","2005",4.598,
"FRA","EDUPUBEXP","PRY_TRY","PC_GDP","A","2008",4.625,
"FRA","EDUPUBEXP","PRY_TRY","PC_GDP","A","2009",4.844,
"FRA","EDUPUBEXP","PRY_TRY","PC_GDP","A","2010",4.78,
"FRA","EDUPUBEXP","PRY_TRY","PC_GDP","A","2011",4.623,
"FRA","EDUPUBEXP","PRY_TRY","PC_GDP","A","2012",4.579,
"FRA","EDUPUBEXP","PRY_TRY","PC_GDP","A","2013",4.573,
"FRA","EDUPUBEXP","PRY_TRY","PC_GDP","A","2014",4.577,
"FRA","EDUPUBEXP","PRY_TRY","PC_GDP","A","2015",4.538,
"FRA","EDUPUBEXP","PRY_TRY","PC_GDP","A","2016",,"M"
"DEU","EDUPUBEXP","PRY_TRY","PC_GDP","A","1995",,"M"
"DEU","EDUPUBEXP","PRY_TRY","PC_GDP","A","2000",,"M"
"DEU","EDUPUBEXP","PRY_TRY","PC_GDP","A","2005",3.692,
"DEU","EDUPUBEXP","PRY_TRY","PC_GDP","A","2008",3.565,
"DEU","EDUPUBEXP","PRY_TRY","PC_GDP","A","2009",,"M"
"DEU","EDUPUBEXP","PRY_TRY","PC_GDP","A","2010",3.904,
"DEU","EDUPUBEXP","PRY_TRY","PC_GDP","A","2011",3.807,
"DEU","EDUPUBEXP","PRY_TRY","PC_GDP","A","2012",3.734,
"DEU","EDUPUBEXP","PRY_TRY","PC_GDP","A","2013",3.711,
"DEU","EDUPUBEXP","PRY_TRY","PC_GDP","A","2014",3.701,
"DEU","EDUPUBEXP","PRY_TRY","PC_GDP","A","2015",3.62,
"DEU","EDUPUBEXP","PRY_TRY","PC_GDP","A","2016",,"M"
"GRC","EDUPUBEXP","TRY","PC_GDP","A","1995",,"M"
"GRC","EDUPUBEXP","TRY","PC_GDP","A","2000",0.74,
"GRC","EDUPUBEXP","TRY","PC_GDP","A","2005",1.411,
"GRC","EDUPUBEXP","TRY","PC_GDP","A","2008",,"M"
"GRC","EDUPUBEXP","TRY","PC_GDP","A","2009",,"M"
"GRC","EDUPUBEXP","TRY","PC_GDP","A","2010",,"M"
"GRC","EDUPUBEXP","TRY","PC_GDP","A","2011",,"M"
"GRC","EDUPUBEXP","TRY","PC_GDP","A","2012",0.744,
"GRC","EDUPUBEXP","TRY","PC_GDP","A","2013",0.649,
"GRC","EDUPUBEXP","TRY","PC_GDP","A","2014",0.644,
"GRC","EDUPUBEXP","TRY","PC_GDP","A","2015",0.725,
"GRC","EDUPUBEXP","TRY","PC_GDP","A","2016",,"M"
"GRC","EDUPUBEXP","PRY_NTRY","PC_GDP","A","1995",,"M"
"GRC","EDUPUBEXP","PRY_NTRY","PC_GDP","A","2000",2.348,
"GRC","EDUPUBEXP","PRY_NTRY","PC_GDP","A","2005",2.529,
"GRC","EDUPUBEXP","PRY_NTRY","PC_GDP","A","2008",,"M"
"GRC","EDUPUBEXP","PRY_NTRY","PC_GDP","A","2009",,"M"
"GRC","EDUPUBEXP","PRY_NTRY","PC_GDP","A","2010",,"M"
"GRC","EDUPUBEXP","PRY_NTRY","PC_GDP","A","2011",,"M"
"GRC","EDUPUBEXP","PRY_NTRY","PC_GDP","A","2012",2.637,
"GRC","EDUPUBEXP","PRY_NTRY","PC_GDP","A","2013",2.655,
"GRC","EDUPUBEXP","PRY_NTRY","PC_GDP","A","2014",2.67,
"GRC","EDUPUBEXP","PRY_NTRY","PC_GDP","A","2015",2.66,
"GRC","EDUPUBEXP","PRY_NTRY","PC_GDP","A","2016",,"M"
"GRC","EDUPUBEXP","PRY_TRY","PC_GDP","A","1995",,"M"
"GRC","EDUPUBEXP","PRY_TRY","PC_GDP","A","2000",3.089,
"GRC","EDUPUBEXP","PRY_TRY","PC_GDP","A","2005",3.94,
"GRC","EDUPUBEXP","PRY_TRY","PC_GDP","A","2008",,"M"
"GRC","EDUPUBEXP","PRY_TRY","PC_GDP","A","2009",,"M"
"GRC","EDUPUBEXP","PRY_TRY","PC_GDP","A","2010",,"M"
"GRC","EDUPUBEXP","PRY_TRY","PC_GDP","A","2011",,"M"
"GRC","EDUPUBEXP","PRY_TRY","PC_GDP","A","2012",3.381,
"GRC","EDUPUBEXP","PRY_TRY","PC_GDP","A","2013",3.304,
"GRC","EDUPUBEXP","PRY_TRY","PC_GDP","A","2014",3.314,
"GRC","EDUPUBEXP","PRY_TRY","PC_GDP","A","2015",3.385,
"GRC","EDUPUBEXP","PRY_TRY","PC_GDP","A","2016",,"M"
"HUN","EDUPUBEXP","PRY_TRY","PC_GDP","A","2000",3.567,
"HUN","EDUPUBEXP","PRY_TRY","PC_GDP","A","2005",4.064,
"HUN","EDUPUBEXP","PRY_TRY","PC_GDP","A","2008",3.771,
"HUN","EDUPUBEXP","PRY_TRY","PC_GDP","A","2009",3.792,
"HUN","EDUPUBEXP","PRY_TRY","PC_GDP","A","2010",3.558,
"HUN","EDUPUBEXP","PRY_TRY","PC_GDP","A","2011",3.47,
"HUN","EDUPUBEXP","PRY_TRY","PC_GDP","A","2012",3.109,
"HUN","EDUPUBEXP","PRY_TRY","PC_GDP","A","2013",3.092,
"HUN","EDUPUBEXP","PRY_TRY","PC_GDP","A","2014",3.346,
"HUN","EDUPUBEXP","PRY_TRY","PC_GDP","A","2015",3.23,
"HUN","EDUPUBEXP","PRY_TRY","PC_GDP","A","2016",,"M"
"ISL","EDUPUBEXP","PRY_TRY","PC_GDP","A","1995",,"M"
"ISL","EDUPUBEXP","PRY_TRY","PC_GDP","A","2000",5.436,
"ISL","EDUPUBEXP","PRY_TRY","PC_GDP","A","2005",6.121,
"ISL","EDUPUBEXP","PRY_TRY","PC_GDP","A","2008",5.749,
"ISL","EDUPUBEXP","PRY_TRY","PC_GDP","A","2009",5.771,
"ISL","EDUPUBEXP","PRY_TRY","PC_GDP","A","2010",5.535,
"ISL","EDUPUBEXP","PRY_TRY","PC_GDP","A","2011",5.532,
"ISL","EDUPUBEXP","PRY_TRY","PC_GDP","A","2012",5.549,
"ISL","EDUPUBEXP","PRY_TRY","PC_GDP","A","2013",5.469,
"ISL","EDUPUBEXP","PRY_TRY","PC_GDP","A","2014",5.6,
"ISL","EDUPUBEXP","PRY_TRY","PC_GDP","A","2015",5.52,
"ISL","EDUPUBEXP","PRY_TRY","PC_GDP","A","2016",,"M"
"IRL","EDUPUBEXP","PRY_TRY","PC_GDP","A","1995",,"M"
"IRL","EDUPUBEXP","PRY_TRY","PC_GDP","A","2000",3.822,
"IRL","EDUPUBEXP","PRY_TRY","PC_GDP","A","2005",4.037,
"IRL","EDUPUBEXP","PRY_TRY","PC_GDP","A","2008",4.968,
"IRL","EDUPUBEXP","PRY_TRY","PC_GDP","A","2009",5.566,
"IRL","EDUPUBEXP","PRY_TRY","PC_GDP","A","2010",5.436,
"IRL","EDUPUBEXP","PRY_TRY","PC_GDP","A","2011",5.236,
"IRL","EDUPUBEXP","PRY_TRY","PC_GDP","A","2012",5.273,
"IRL","EDUPUBEXP","PRY_TRY","PC_GDP","A","2013",4.725,
"IRL","EDUPUBEXP","PRY_TRY","PC_GDP","A","2014",4.332,
"IRL","EDUPUBEXP","PRY_TRY","PC_GDP","A","2015",3.113,
"IRL","EDUPUBEXP","PRY_TRY","PC_GDP","A","2016",,"M"
"ITA","EDUPUBEXP","PRY_TRY","PC_GDP","A","1995",,"M"
"ITA","EDUPUBEXP","PRY_TRY","PC_GDP","A","2000",3.635,
"ITA","EDUPUBEXP","PRY_TRY","PC_GDP","A","2005",3.635,
"ITA","EDUPUBEXP","PRY_TRY","PC_GDP","A","2008",3.735,
"ITA","EDUPUBEXP","PRY_TRY","PC_GDP","A","2009",3.813,
"ITA","EDUPUBEXP","PRY_TRY","PC_GDP","A","2010",3.635,
"ITA","EDUPUBEXP","PRY_TRY","PC_GDP","A","2011",3.463,
"ITA","EDUPUBEXP","PRY_TRY","PC_GDP","A","2012",3.393,
"ITA","EDUPUBEXP","PRY_TRY","PC_GDP","A","2013",3.469,
"ITA","EDUPUBEXP","PRY_TRY","PC_GDP","A","2014",3.361,
"ITA","EDUPUBEXP","PRY_TRY","PC_GDP","A","2015",3.349,
"ITA","EDUPUBEXP","PRY_TRY","PC_GDP","A","2016",,"M"
"JPN","EDUPUBEXP","PRY_TRY","PC_GDP","A","1995",,"M"
"JPN","EDUPUBEXP","PRY_TRY","PC_GDP","A","2000",3.121,
"JPN","EDUPUBEXP","PRY_TRY","PC_GDP","A","2005",2.924,
"JPN","EDUPUBEXP","PRY_TRY","PC_GDP","A","2008",2.984,
"JPN","EDUPUBEXP","PRY_TRY","PC_GDP","A","2009",3.122,
"JPN","EDUPUBEXP","PRY_TRY","PC_GDP","A","2010",3.152,
"JPN","EDUPUBEXP","PRY_TRY","PC_GDP","A","2011",3.163,
"JPN","EDUPUBEXP","PRY_TRY","PC_GDP","A","2012",3.128,
"JPN","EDUPUBEXP","PRY_TRY","PC_GDP","A","2013",3.054,
"JPN","EDUPUBEXP","PRY_TRY","PC_GDP","A","2014",3.041,
"JPN","EDUPUBEXP","PRY_TRY","PC_GDP","A","2015",2.929,
"JPN","EDUPUBEXP","PRY_TRY","PC_GDP","A","2016",,"M"
"KOR","EDUPUBEXP","PRY_TRY","PC_GDP","A","1995",,"M"
"KOR","EDUPUBEXP","PRY_TRY","PC_GDP","A","2000",,"M"
"KOR","EDUPUBEXP","PRY_TRY","PC_GDP","A","2005",3.465,
"KOR","EDUPUBEXP","PRY_TRY","PC_GDP","A","2008",3.532,
"KOR","EDUPUBEXP","PRY_TRY","PC_GDP","A","2009",3.905,
"KOR","EDUPUBEXP","PRY_TRY","PC_GDP","A","2010",4.207,
"KOR","EDUPUBEXP","PRY_TRY","PC_GDP","A","2011",4.274,
"KOR","EDUPUBEXP","PRY_TRY","PC_GDP","A","2012",4.427,
"KOR","EDUPUBEXP","PRY_TRY","PC_GDP","A","2013",4.351,
"KOR","EDUPUBEXP","PRY_TRY","PC_GDP","A","2014",4.257,
"KOR","EDUPUBEXP","PRY_TRY","PC_GDP","A","2015",4.125,
"KOR","EDUPUBEXP","PRY_TRY","PC_GDP","A","2016",,"M"
"LUX","EDUPUBEXP","TRY","PC_GDP","A","1995",,"M"
"LUX","EDUPUBEXP","TRY","PC_GDP","A","2000",,"M"
"LUX","EDUPUBEXP","TRY","PC_GDP","A","2005",,"M"
"LUX","EDUPUBEXP","TRY","PC_GDP","A","2008",,"M"
"LUX","EDUPUBEXP","TRY","PC_GDP","A","2009",,"M"
"LUX","EDUPUBEXP","TRY","PC_GDP","A","2010",,"M"
"LUX","EDUPUBEXP","TRY","PC_GDP","A","2011",,"M"
"LUX","EDUPUBEXP","TRY","PC_GDP","A","2012",0.387,
"LUX","EDUPUBEXP","TRY","PC_GDP","A","2013",0.505,
"LUX","EDUPUBEXP","TRY","PC_GDP","A","2014",0.468,
"LUX","EDUPUBEXP","TRY","PC_GDP","A","2015",0.487,
"LUX","EDUPUBEXP","TRY","PC_GDP","A","2016",,"M"
"LUX","EDUPUBEXP","PRY_TRY","PC_GDP","A","1995",,"M"
"LUX","EDUPUBEXP","PRY_TRY","PC_GDP","A","2000",,"M"
"LUX","EDUPUBEXP","PRY_TRY","PC_GDP","A","2005",,"M"
"LUX","EDUPUBEXP","PRY_TRY","PC_GDP","A","2008",,"M"
"LUX","EDUPUBEXP","PRY_TRY","PC_GDP","A","2009",,"M"
"LUX","EDUPUBEXP","PRY_TRY","PC_GDP","A","2010",,"M"
"LUX","EDUPUBEXP","PRY_TRY","PC_GDP","A","2011",,"M"
"LUX","EDUPUBEXP","PRY_TRY","PC_GDP","A","2012",3.534,
"LUX","EDUPUBEXP","PRY_TRY","PC_GDP","A","2013",3.269,
"LUX","EDUPUBEXP","PRY_TRY","PC_GDP","A","2014",3.347,
"LUX","EDUPUBEXP","PRY_TRY","PC_GDP","A","2015",3.281,
"LUX","EDUPUBEXP","PRY_TRY","PC_GDP","A","2016",,"M"
"MEX","EDUPUBEXP","PRY_TRY","PC_GDP","A","1995",,"M"
"MEX","EDUPUBEXP","PRY_TRY","PC_GDP","A","2000",3.384,
"MEX","EDUPUBEXP","PRY_TRY","PC_GDP","A","2005",3.961,
"MEX","EDUPUBEXP","PRY_TRY","PC_GDP","A","2008",3.843,
"MEX","EDUPUBEXP","PRY_TRY","PC_GDP","A","2009",4.116,
"MEX","EDUPUBEXP","PRY_TRY","PC_GDP","A","2010",4.164,
"MEX","EDUPUBEXP","PRY_TRY","PC_GDP","A","2011",4.053,
"MEX","EDUPUBEXP","PRY_TRY","PC_GDP","A","2012",4.068,
"MEX","EDUPUBEXP","PRY_TRY","PC_GDP","A","2013",4.052,
"MEX","EDUPUBEXP","PRY_TRY","PC_GDP","A","2014",4.197,
"MEX","EDUPUBEXP","PRY_TRY","PC_GDP","A","2015",4.206,
"MEX","EDUPUBEXP","PRY_TRY","PC_GDP","A","2016",,"M"
"NLD","EDUPUBEXP","PRY_TRY","PC_GDP","A","1995",,"M"
"NLD","EDUPUBEXP","PRY_TRY","PC_GDP","A","2000",3.7,
"NLD","EDUPUBEXP","PRY_TRY","PC_GDP","A","2005",4.164,
"NLD","EDUPUBEXP","PRY_TRY","PC_GDP","A","2008",3.996,
"NLD","EDUPUBEXP","PRY_TRY","PC_GDP","A","2009",4.423,
"NLD","EDUPUBEXP","PRY_TRY","PC_GDP","A","2010",4.449,
"NLD","EDUPUBEXP","PRY_TRY","PC_GDP","A","2011",4.367,
"NLD","EDUPUBEXP","PRY_TRY","PC_GDP","A","2012",4.41,
"NLD","EDUPUBEXP","PRY_TRY","PC_GDP","A","2013",4.485,
"NLD","EDUPUBEXP","PRY_TRY","PC_GDP","A","2014",4.36,
"NLD","EDUPUBEXP","PRY_TRY","PC_GDP","A","2015",4.341,
"NLD","EDUPUBEXP","PRY_TRY","PC_GDP","A","2016",,"M"
"NZL","EDUPUBEXP","PRY_TRY","PC_GDP","A","1995",,"M"
"NZL","EDUPUBEXP","PRY_TRY","PC_GDP","A","2000",,"M"
"NZL","EDUPUBEXP","PRY_TRY","PC_GDP","A","2005",,"M"
"NZL","EDUPUBEXP","PRY_TRY","PC_GDP","A","2008",,"M"
"NZL","EDUPUBEXP","PRY_TRY","PC_GDP","A","2009",,"M"
"NZL","EDUPUBEXP","PRY_TRY","PC_GDP","A","2010",,"M"
"NZL","EDUPUBEXP","PRY_TRY","PC_GDP","A","2011",,"M"
"NZL","EDUPUBEXP","PRY_TRY","PC_GDP","A","2012",4.894,
"NZL","EDUPUBEXP","PRY_TRY","PC_GDP","A","2013",4.683,
"NZL","EDUPUBEXP","PRY_TRY","PC_GDP","A","2014",4.675,
"NZL","EDUPUBEXP","PRY_TRY","PC_GDP","A","2015",4.69,
"NZL","EDUPUBEXP","PRY_TRY","PC_GDP","A","2016",,"M"
"NOR","EDUPUBEXP","PRY_TRY","PC_GDP","A","1995",,"M"
"NOR","EDUPUBEXP","PRY_TRY","PC_GDP","A","2000",6.526,
"NOR","EDUPUBEXP","PRY_TRY","PC_GDP","A","2005",6.571,
"NOR","EDUPUBEXP","PRY_TRY","PC_GDP","A","2008",6.115,
"NOR","EDUPUBEXP","PRY_TRY","PC_GDP","A","2009",6.582,
"NOR","EDUPUBEXP","PRY_TRY","PC_GDP","A","2010",6.425,
"NOR","EDUPUBEXP","PRY_TRY","PC_GDP","A","2011",6.276,
"NOR","EDUPUBEXP","PRY_TRY","PC_GDP","A","2012",6.116,
"NOR","EDUPUBEXP","PRY_TRY","PC_GDP","A","2013",6.225,
"NOR","EDUPUBEXP","PRY_TRY","PC_GDP","A","2014",6.106,
"NOR","EDUPUBEXP","PRY_TRY","PC_GDP","A","2015",6.281,
"NOR","EDUPUBEXP","PRY_TRY","PC_GDP","A","2016",,"M"
"POL","EDUPUBEXP","PRY_TRY","PC_GDP","A","1995",,"M"
"POL","EDUPUBEXP","PRY_TRY","PC_GDP","A","2000",,"M"
"POL","EDUPUBEXP","PRY_TRY","PC_GDP","A","2005",4.804,
"POL","EDUPUBEXP","PRY_TRY","PC_GDP","A","2008",4.247,
"POL","EDUPUBEXP","PRY_TRY","PC_GDP","A","2009",4.411,
"POL","EDUPUBEXP","PRY_TRY","PC_GDP","A","2010",4.373,
"POL","EDUPUBEXP","PRY_TRY","PC_GDP","A","2011",4.113,
"POL","EDUPUBEXP","PRY_TRY","PC_GDP","A","2012",4.086,
"POL","EDUPUBEXP","PRY_TRY","PC_GDP","A","2013",4.13,
"POL","EDUPUBEXP","PRY_TRY","PC_GDP","A","2014",4.084,
"POL","EDUPUBEXP","PRY_TRY","PC_GDP","A","2015",4.015,
"POL","EDUPUBEXP","PRY_TRY","PC_GDP","A","2016",,"M"
"PRT","EDUPUBEXP","PRY_TRY","PC_GDP","A","1995",,"M"
"PRT","EDUPUBEXP","PRY_TRY","PC_GDP","A","2000",4.583,
"PRT","EDUPUBEXP","PRY_TRY","PC_GDP","A","2005",4.406,
"PRT","EDUPUBEXP","PRY_TRY","PC_GDP","A","2008",4.041,
"PRT","EDUPUBEXP","PRY_TRY","PC_GDP","A","2009",4.702,
"PRT","EDUPUBEXP","PRY_TRY","PC_GDP","A","2010",4.641,
"PRT","EDUPUBEXP","PRY_TRY","PC_GDP","A","2011",4.411,
"PRT","EDUPUBEXP","PRY_TRY","PC_GDP","A","2012",4.213,
"PRT","EDUPUBEXP","PRY_TRY","PC_GDP","A","2013",4.512,
"PRT","EDUPUBEXP","PRY_TRY","PC_GDP","A","2014",4.36,
"PRT","EDUPUBEXP","PRY_TRY","PC_GDP","A","2015",4.141,
"PRT","EDUPUBEXP","PRY_TRY","PC_GDP","A","2016",,"M"
"SVK","EDUPUBEXP","PRY_TRY","PC_GDP","A","1995",,"M"
"SVK","EDUPUBEXP","PRY_TRY","PC_GDP","A","2000",3.266,
"SVK","EDUPUBEXP","PRY_TRY","PC_GDP","A","2005",3.089,
"SVK","EDUPUBEXP","PRY_TRY","PC_GDP","A","2008",2.75,
"SVK","EDUPUBEXP","PRY_TRY","PC_GDP","A","2009",3.132,
"SVK","EDUPUBEXP","PRY_TRY","PC_GDP","A","2010",3.261,
"SVK","EDUPUBEXP","PRY_TRY","PC_GDP","A","2011",3.139,
"SVK","EDUPUBEXP","PRY_TRY","PC_GDP","A","2012",3.088,
"SVK","EDUPUBEXP","PRY_TRY","PC_GDP","A","2013",3.221,
"SVK","EDUPUBEXP","PRY_TRY","PC_GDP","A","2014",3.287,
"SVK","EDUPUBEXP","PRY_TRY","PC_GDP","A","2015",3.794,
"SVK","EDUPUBEXP","PRY_TRY","PC_GDP","A","2016",,"M"
"ESP","EDUPUBEXP","PRY_TRY","PC_GDP","A","1995",,"M"
"ESP","EDUPUBEXP","PRY_TRY","PC_GDP","A","2000",3.709,
"ESP","EDUPUBEXP","PRY_TRY","PC_GDP","A","2005",3.498,
"ESP","EDUPUBEXP","PRY_TRY","PC_GDP","A","2008",3.721,
"ESP","EDUPUBEXP","PRY_TRY","PC_GDP","A","2009",4.007,
"ESP","EDUPUBEXP","PRY_TRY","PC_GDP","A","2010",3.967,
"ESP","EDUPUBEXP","PRY_TRY","PC_GDP","A","2011",3.88,
"ESP","EDUPUBEXP","PRY_TRY","PC_GDP","A","2012",3.652,
"ESP","EDUPUBEXP","PRY_TRY","PC_GDP","A","2013",3.558,
"ESP","EDUPUBEXP","PRY_TRY","PC_GDP","A","2014",3.491,
"ESP","EDUPUBEXP","PRY_TRY","PC_GDP","A","2015",3.506,
"ESP","EDUPUBEXP","PRY_TRY","PC_GDP","A","2016",,"M"
"SWE","EDUPUBEXP","PRY_TRY","PC_GDP","A","1995",,"M"
"SWE","EDUPUBEXP","PRY_TRY","PC_GDP","A","2000",5.369,
"SWE","EDUPUBEXP","PRY_TRY","PC_GDP","A","2005",5.31,
"SWE","EDUPUBEXP","PRY_TRY","PC_GDP","A","2008",5.11,
"SWE","EDUPUBEXP","PRY_TRY","PC_GDP","A","2009",5.429,
"SWE","EDUPUBEXP","PRY_TRY","PC_GDP","A","2010",5.225,
"SWE","EDUPUBEXP","PRY_TRY","PC_GDP","A","2011",5.107,
"SWE","EDUPUBEXP","PRY_TRY","PC_GDP","A","2012",5.152,
"SWE","EDUPUBEXP","PRY_TRY","PC_GDP","A","2013",5.158,
"SWE","EDUPUBEXP","PRY_TRY","PC_GDP","A","2014",5.122,
"SWE","EDUPUBEXP","PRY_TRY","PC_GDP","A","2015",5.018,
"SWE","EDUPUBEXP","PRY_TRY","PC_GDP","A","2016",,"M"
"CHE","EDUPUBEXP","PRY_TRY","PC_GDP","A","1995",,"M"
"CHE","EDUPUBEXP","PRY_TRY","PC_GDP","A","2000",4.357,
"CHE","EDUPUBEXP","PRY_TRY","PC_GDP","A","2005",4.742,
"CHE","EDUPUBEXP","PRY_TRY","PC_GDP","A","2008",4.131,
"CHE","EDUPUBEXP","PRY_TRY","PC_GDP","A","2009",4.444,
"CHE","EDUPUBEXP","PRY_TRY","PC_GDP","A","2010",4.36,
"CHE","EDUPUBEXP","PRY_TRY","PC_GDP","A","2011",4.403,
"CHE","EDUPUBEXP","PRY_TRY","PC_GDP","A","2012",4.624,
"CHE","EDUPUBEXP","PRY_TRY","PC_GDP","A","2013",4.646,
"CHE","EDUPUBEXP","PRY_TRY","PC_GDP","A","2014",4.637,
"CHE","EDUPUBEXP","PRY_TRY","PC_GDP","A","2015",4.508,
"CHE","EDUPUBEXP","PRY_TRY","PC_GDP","A","2016",,"M"
"TUR","EDUPUBEXP","TRY","PC_GDP","A","1995",,"M"
"TUR","EDUPUBEXP","TRY","PC_GDP","A","2000",0.72,
"TUR","EDUPUBEXP","TRY","PC_GDP","A","2005",0.741,
"TUR","EDUPUBEXP","TRY","PC_GDP","A","2008",0.741,
"TUR","EDUPUBEXP","TRY","PC_GDP","A","2009",0.9,
"TUR","EDUPUBEXP","TRY","PC_GDP","A","2010",0.896,
"TUR","EDUPUBEXP","TRY","PC_GDP","A","2011",1.569,
"TUR","EDUPUBEXP","TRY","PC_GDP","A","2012",1.32,
"TUR","EDUPUBEXP","TRY","PC_GDP","A","2013",1.303,
"TUR","EDUPUBEXP","TRY","PC_GDP","A","2014",1.316,
"TUR","EDUPUBEXP","TRY","PC_GDP","A","2015",1.236,
"TUR","EDUPUBEXP","TRY","PC_GDP","A","2016",,"M"
"TUR","EDUPUBEXP","PRY_NTRY","PC_GDP","A","1995",,"M"
"TUR","EDUPUBEXP","PRY_NTRY","PC_GDP","A","2000",1.73,
"TUR","EDUPUBEXP","PRY_NTRY","PC_GDP","A","2005",1.925,
"TUR","EDUPUBEXP","PRY_NTRY","PC_GDP","A","2008",2.057,
"TUR","EDUPUBEXP","PRY_NTRY","PC_GDP","A","2009",2.368,
"TUR","EDUPUBEXP","PRY_NTRY","PC_GDP","A","2010",2.373,
"TUR","EDUPUBEXP","PRY_NTRY","PC_GDP","A","2011",2.528,
"TUR","EDUPUBEXP","PRY_NTRY","PC_GDP","A","2012",2.579,
"TUR","EDUPUBEXP","PRY_NTRY","PC_GDP","A","2013",2.566,
"TUR","EDUPUBEXP","PRY_NTRY","PC_GDP","A","2014",2.557,
"TUR","EDUPUBEXP","PRY_NTRY","PC_GDP","A","2015",2.533,
"TUR","EDUPUBEXP","PRY_NTRY","PC_GDP","A","2016",,"M"
"TUR","EDUPUBEXP","PRY_TRY","PC_GDP","A","1995",,"M"
"TUR","EDUPUBEXP","PRY_TRY","PC_GDP","A","2000",2.451,
"TUR","EDUPUBEXP","PRY_TRY","PC_GDP","A","2005",2.665,
"TUR","EDUPUBEXP","PRY_TRY","PC_GDP","A","2008",2.797,
"TUR","EDUPUBEXP","PRY_TRY","PC_GDP","A","2009",3.268,
"TUR","EDUPUBEXP","PRY_TRY","PC_GDP","A","2010",3.269,
"TUR","EDUPUBEXP","PRY_TRY","PC_GDP","A","2011",4.097,
"TUR","EDUPUBEXP","PRY_TRY","PC_GDP","A","2012",3.899,
"TUR","EDUPUBEXP","PRY_TRY","PC_GDP","A","2013",3.869,
"TUR","EDUPUBEXP","PRY_TRY","PC_GDP","A","2014",3.873,
"TUR","EDUPUBEXP","PRY_TRY","PC_GDP","A","2015",3.769,
"TUR","EDUPUBEXP","PRY_TRY","PC_GDP","A","2016",,"M"
"GBR","EDUPUBEXP","PRY_TRY","PC_GDP","A","1995",,"M"
"GBR","EDUPUBEXP","PRY_TRY","PC_GDP","A","2000",,"M"
"GBR","EDUPUBEXP","PRY_TRY","PC_GDP","A","2005",,"M"
"GBR","EDUPUBEXP","PRY_TRY","PC_GDP","A","2008",,"M"
"GBR","EDUPUBEXP","PRY_TRY","PC_GDP","A","2009",,"M"
"GBR","EDUPUBEXP","PRY_TRY","PC_GDP","A","2010",,"M"
"GBR","EDUPUBEXP","PRY_TRY","PC_GDP","A","2011",,"M"
"GBR","EDUPUBEXP","PRY_TRY","PC_GDP","A","2012",4.587,
"GBR","EDUPUBEXP","PRY_TRY","PC_GDP","A","2013",4.915,
"GBR","EDUPUBEXP","PRY_TRY","PC_GDP","A","2014",4.554,
"GBR","EDUPUBEXP","PRY_TRY","PC_GDP","A","2015",4.249,
"GBR","EDUPUBEXP","PRY_TRY","PC_GDP","A","2016",,"M"
"USA","EDUPUBEXP","PRY_TRY","PC_GDP","A","1995",,"M"
"USA","EDUPUBEXP","PRY_TRY","PC_GDP","A","2000",4.307,
"USA","EDUPUBEXP","PRY_TRY","PC_GDP","A","2005",4.472,
"USA","EDUPUBEXP","PRY_TRY","PC_GDP","A","2008",4.649,
"USA","EDUPUBEXP","PRY_TRY","PC_GDP","A","2009",4.746,
"USA","EDUPUBEXP","PRY_TRY","PC_GDP","A","2010",4.682,
"USA","EDUPUBEXP","PRY_TRY","PC_GDP","A","2011",4.529,
"USA","EDUPUBEXP","PRY_TRY","PC_GDP","A","2012",4.356,
"USA","EDUPUBEXP","PRY_TRY","PC_GDP","A","2013",4.182,
"USA","EDUPUBEXP","PRY_TRY","PC_GDP","A","2014",4.125,
"USA","EDUPUBEXP","PRY_TRY","PC_GDP","A","2015",4.114,
"USA","EDUPUBEXP","PRY_TRY","PC_GDP","A","2016",,"M"
"ARG","EDUPUBEXP","TRY","PC_GDP","A","1995",,"M"
"ARG","EDUPUBEXP","TRY","PC_GDP","A","2000",,"M"
"ARG","EDUPUBEXP","TRY","PC_GDP","A","2005",,"M"
"ARG","EDUPUBEXP","TRY","PC_GDP","A","2008",,"M"
"ARG","EDUPUBEXP","TRY","PC_GDP","A","2009",,"M"
"ARG","EDUPUBEXP","TRY","PC_GDP","A","2010",,"M"
"ARG","EDUPUBEXP","TRY","PC_GDP","A","2011",,"M"
"ARG","EDUPUBEXP","TRY","PC_GDP","A","2013",1.088,
"ARG","EDUPUBEXP","TRY","PC_GDP","A","2014",1.076,
"ARG","EDUPUBEXP","TRY","PC_GDP","A","2015",,"M"
"ARG","EDUPUBEXP","TRY","PC_GDP","A","2016",,"M"
"ARG","EDUPUBEXP","PRY_NTRY","PC_GDP","A","1995",,"M"
"ARG","EDUPUBEXP","PRY_NTRY","PC_GDP","A","2000",,"M"
"ARG","EDUPUBEXP","PRY_NTRY","PC_GDP","A","2005",,"M"
"ARG","EDUPUBEXP","PRY_NTRY","PC_GDP","A","2008",,"M"
"ARG","EDUPUBEXP","PRY_NTRY","PC_GDP","A","2009",,"M"
"ARG","EDUPUBEXP","PRY_NTRY","PC_GDP","A","2010",,"M"
"ARG","EDUPUBEXP","PRY_NTRY","PC_GDP","A","2011",,"M"
"ARG","EDUPUBEXP","PRY_NTRY","PC_GDP","A","2012",3.855,
"ARG","EDUPUBEXP","PRY_NTRY","PC_GDP","A","2013",3.887,
"ARG","EDUPUBEXP","PRY_NTRY","PC_GDP","A","2014",3.833,
"ARG","EDUPUBEXP","PRY_NTRY","PC_GDP","A","2015",,"M"
"ARG","EDUPUBEXP","PRY_NTRY","PC_GDP","A","2016",,"M"
"ARG","EDUPUBEXP","PRY_TRY","PC_GDP","A","1995",,"M"
"ARG","EDUPUBEXP","PRY_TRY","PC_GDP","A","2000",,"M"
"ARG","EDUPUBEXP","PRY_TRY","PC_GDP","A","2005",,"M"
"ARG","EDUPUBEXP","PRY_TRY","PC_GDP","A","2008",,"M"
"ARG","EDUPUBEXP","PRY_TRY","PC_GDP","A","2009",,"M"
"ARG","EDUPUBEXP","PRY_TRY","PC_GDP","A","2010",,"M"
"ARG","EDUPUBEXP","PRY_TRY","PC_GDP","A","2011",,"M"
"ARG","EDUPUBEXP","PRY_TRY","PC_GDP","A","2013",4.974,
"ARG","EDUPUBEXP","PRY_TRY","PC_GDP","A","2014",4.909,
"ARG","EDUPUBEXP","PRY_TRY","PC_GDP","A","2015",,"M"
"ARG","EDUPUBEXP","PRY_TRY","PC_GDP","A","2016",,"M"
"BRA","EDUPUBEXP","PRY_TRY","PC_GDP","A","1995",,"M"
"BRA","EDUPUBEXP","PRY_TRY","PC_GDP","A","2000",3.074,
"BRA","EDUPUBEXP","PRY_TRY","PC_GDP","A","2005",3.945,
"BRA","EDUPUBEXP","PRY_TRY","PC_GDP","A","2008",4.717,
"BRA","EDUPUBEXP","PRY_TRY","PC_GDP","A","2009",4.922,
"BRA","EDUPUBEXP","PRY_TRY","PC_GDP","A","2010",5.058,
"BRA","EDUPUBEXP","PRY_TRY","PC_GDP","A","2011",5.115,
"BRA","EDUPUBEXP","PRY_TRY","PC_GDP","A","2012",5.032,
"BRA","EDUPUBEXP","PRY_TRY","PC_GDP","A","2013",5.011,
"BRA","EDUPUBEXP","PRY_TRY","PC_GDP","A","2014",4.846,
"BRA","EDUPUBEXP","PRY_TRY","PC_GDP","A","2015",5.02,
"BRA","EDUPUBEXP","PRY_TRY","PC_GDP","A","2016",,"M"
"CHL","EDUPUBEXP","PRY_TRY","PC_GDP","A","1995",,"M"
"CHL","EDUPUBEXP","PRY_TRY","PC_GDP","A","2000",3.288,
"CHL","EDUPUBEXP","PRY_TRY","PC_GDP","A","2005",2.785,
"CHL","EDUPUBEXP","PRY_TRY","PC_GDP","A","2008",3.071,
"CHL","EDUPUBEXP","PRY_TRY","PC_GDP","A","2009",3.307,
"CHL","EDUPUBEXP","PRY_TRY","PC_GDP","A","2010",3.19,
"CHL","EDUPUBEXP","PRY_TRY","PC_GDP","A","2011",3.147,
"CHL","EDUPUBEXP","PRY_TRY","PC_GDP","A","2012",3.522,
"CHL","EDUPUBEXP","PRY_TRY","PC_GDP","A","2013",3.456,
"CHL","EDUPUBEXP","PRY_TRY","PC_GDP","A","2014",3.323,
"CHL","EDUPUBEXP","PRY_TRY","PC_GDP","A","2015",3.354,
"CHL","EDUPUBEXP","PRY_TRY","PC_GDP","A","2016",3.838,
"CHN","EDUPUBEXP","TRY","PC_GDP","A","1995",,"M"
"CHN","EDUPUBEXP","TRY","PC_GDP","A","2000",,"M"
"CHN","EDUPUBEXP","TRY","PC_GDP","A","2005",,"M"
"CHN","EDUPUBEXP","TRY","PC_GDP","A","2008",,"M"
"CHN","EDUPUBEXP","TRY","PC_GDP","A","2009",,"M"
"CHN","EDUPUBEXP","TRY","PC_GDP","A","2010",,"M"
"CHN","EDUPUBEXP","TRY","PC_GDP","A","2011",,"M"
"CHN","EDUPUBEXP","TRY","PC_GDP","A","2012",,"M"
"CHN","EDUPUBEXP","TRY","PC_GDP","A","2013",,"M"
"CHN","EDUPUBEXP","TRY","PC_GDP","A","2014",,"M"
"CHN","EDUPUBEXP","TRY","PC_GDP","A","2015",,"M"
"CHN","EDUPUBEXP","TRY","PC_GDP","A","2016",,"M"
"CHN","EDUPUBEXP","PRY_NTRY","PC_GDP","A","1995",,"M"
"CHN","EDUPUBEXP","PRY_NTRY","PC_GDP","A","2000",,"M"
"CHN","EDUPUBEXP","PRY_NTRY","PC_GDP","A","2005",,"M"
"CHN","EDUPUBEXP","PRY_NTRY","PC_GDP","A","2008",,"M"
"CHN","EDUPUBEXP","PRY_NTRY","PC_GDP","A","2009",,"M"
"CHN","EDUPUBEXP","PRY_NTRY","PC_GDP","A","2010",,"M"
"CHN","EDUPUBEXP","PRY_NTRY","PC_GDP","A","2011",,"M"
"CHN","EDUPUBEXP","PRY_NTRY","PC_GDP","A","2012",,"M"
"CHN","EDUPUBEXP","PRY_NTRY","PC_GDP","A","2013",,"M"
"CHN","EDUPUBEXP","PRY_NTRY","PC_GDP","A","2014",,"M"
"CHN","EDUPUBEXP","PRY_NTRY","PC_GDP","A","2015",,"M"
"CHN","EDUPUBEXP","PRY_NTRY","PC_GDP","A","2016",,"M"
"CHN","EDUPUBEXP","PRY_TRY","PC_GDP","A","1995",,"M"
"CHN","EDUPUBEXP","PRY_TRY","PC_GDP","A","2000",,"M"
"CHN","EDUPUBEXP","PRY_TRY","PC_GDP","A","2005",,"M"
"CHN","EDUPUBEXP","PRY_TRY","PC_GDP","A","2008",,"M"
"CHN","EDUPUBEXP","PRY_TRY","PC_GDP","A","2009",,"M"
"CHN","EDUPUBEXP","PRY_TRY","PC_GDP","A","2010",,"M"
"CHN","EDUPUBEXP","PRY_TRY","PC_GDP","A","2011",,"M"
"CHN","EDUPUBEXP","PRY_TRY","PC_GDP","A","2012",,"M"
"CHN","EDUPUBEXP","PRY_TRY","PC_GDP","A","2013",,"M"
"CHN","EDUPUBEXP","PRY_TRY","PC_GDP","A","2014",,"M"
"CHN","EDUPUBEXP","PRY_TRY","PC_GDP","A","2015",,"M"
"CHN","EDUPUBEXP","PRY_TRY","PC_GDP","A","2016",,"M"
"COL","EDUPUBEXP","TRY","PC_GDP","A","1995",,"M"
"COL","EDUPUBEXP","TRY","PC_GDP","A","2000",,"M"
"COL","EDUPUBEXP","TRY","PC_GDP","A","2005",,"M"
"COL","EDUPUBEXP","TRY","PC_GDP","A","2008",,"M"
"COL","EDUPUBEXP","TRY","PC_GDP","A","2009",,"M"
"COL","EDUPUBEXP","TRY","PC_GDP","A","2010",,"M"
"COL","EDUPUBEXP","TRY","PC_GDP","A","2011",,"M"
"COL","EDUPUBEXP","TRY","PC_GDP","A","2012",,"M"
"COL","EDUPUBEXP","TRY","PC_GDP","A","2013",0.771,
"COL","EDUPUBEXP","TRY","PC_GDP","A","2014",0.814,
"COL","EDUPUBEXP","TRY","PC_GDP","A","2015",0.791,
"COL","EDUPUBEXP","TRY","PC_GDP","A","2016",0.798,
"COL","EDUPUBEXP","PRY_NTRY","PC_GDP","A","1995",,"M"
"COL","EDUPUBEXP","PRY_NTRY","PC_GDP","A","2000",,"M"
"COL","EDUPUBEXP","PRY_NTRY","PC_GDP","A","2005",,"M"
"COL","EDUPUBEXP","PRY_NTRY","PC_GDP","A","2008",,"M"
"COL","EDUPUBEXP","PRY_NTRY","PC_GDP","A","2009",,"M"
"COL","EDUPUBEXP","PRY_NTRY","PC_GDP","A","2010",,"M"
"COL","EDUPUBEXP","PRY_NTRY","PC_GDP","A","2011",,"M"
"COL","EDUPUBEXP","PRY_NTRY","PC_GDP","A","2012",,"M"
"COL","EDUPUBEXP","PRY_NTRY","PC_GDP","A","2013",3.308,
"COL","EDUPUBEXP","PRY_NTRY","PC_GDP","A","2014",3.117,
"COL","EDUPUBEXP","PRY_NTRY","PC_GDP","A","2015",3.145,
"COL","EDUPUBEXP","PRY_NTRY","PC_GDP","A","2016",3.069,
"COL","EDUPUBEXP","PRY_TRY","PC_GDP","A","1995",,"M"
"COL","EDUPUBEXP","PRY_TRY","PC_GDP","A","2000",,"M"
"COL","EDUPUBEXP","PRY_TRY","PC_GDP","A","2005",,"M"
"COL","EDUPUBEXP","PRY_TRY","PC_GDP","A","2008",,"M"
"COL","EDUPUBEXP","PRY_TRY","PC_GDP","A","2009",,"M"
"COL","EDUPUBEXP","PRY_TRY","PC_GDP","A","2010",,"M"
"COL","EDUPUBEXP","PRY_TRY","PC_GDP","A","2011",,"M"
"COL","EDUPUBEXP","PRY_TRY","PC_GDP","A","2012",,"M"
"COL","EDUPUBEXP","PRY_TRY","PC_GDP","A","2013",4.079,
"COL","EDUPUBEXP","PRY_TRY","PC_GDP","A","2014",3.931,
"COL","EDUPUBEXP","PRY_TRY","PC_GDP","A","2015",3.936,
"COL","EDUPUBEXP","PRY_TRY","PC_GDP","A","2016",3.867,
"EST","EDUPUBEXP","PRY_TRY","PC_GDP","A","1995",,"M"
"EST","EDUPUBEXP","PRY_TRY","PC_GDP","A","2000",4.879,
"EST","EDUPUBEXP","PRY_TRY","PC_GDP","A","2005",4.174,
"EST","EDUPUBEXP","PRY_TRY","PC_GDP","A","2008",4.678,
"EST","EDUPUBEXP","PRY_TRY","PC_GDP","A","2009",5.201,
"EST","EDUPUBEXP","PRY_TRY","PC_GDP","A","2010",4.797,
"EST","EDUPUBEXP","PRY_TRY","PC_GDP","A","2011",4.382,
"EST","EDUPUBEXP","PRY_TRY","PC_GDP","A","2012",4.076,
"EST","EDUPUBEXP","PRY_TRY","PC_GDP","A","2013",4.334,
"EST","EDUPUBEXP","PRY_TRY","PC_GDP","A","2014",4.028,
"EST","EDUPUBEXP","PRY_TRY","PC_GDP","A","2015",4.008,
"EST","EDUPUBEXP","PRY_TRY","PC_GDP","A","2016",,"M"
"IND","EDUPUBEXP","PRY_TRY","PC_GDP","A","1995",,"M"
"IND","EDUPUBEXP","PRY_TRY","PC_GDP","A","2000",,"M"
"IND","EDUPUBEXP","PRY_TRY","PC_GDP","A","2005",,"M"
"IND","EDUPUBEXP","PRY_TRY","PC_GDP","A","2008",,"M"
"IND","EDUPUBEXP","PRY_TRY","PC_GDP","A","2009",,"M"
"IND","EDUPUBEXP","PRY_TRY","PC_GDP","A","2010",,"M"
"IND","EDUPUBEXP","PRY_TRY","PC_GDP","A","2011",,"M"
"IND","EDUPUBEXP","PRY_TRY","PC_GDP","A","2012",,"M"
"IND","EDUPUBEXP","PRY_TRY","PC_GDP","A","2013",3.308,
"IND","EDUPUBEXP","PRY_TRY","PC_GDP","A","2014",,"M"
"IND","EDUPUBEXP","PRY_TRY","PC_GDP","A","2015",,"M"
"IND","EDUPUBEXP","PRY_TRY","PC_GDP","A","2016",,"M"
"IDN","EDUPUBEXP","PRY_TRY","PC_GDP","A","1995",,"M"
"IDN","EDUPUBEXP","PRY_TRY","PC_GDP","A","2000",,"M"
"IDN","EDUPUBEXP","PRY_TRY","PC_GDP","A","2005",,"M"
"IDN","EDUPUBEXP","PRY_TRY","PC_GDP","A","2008",,"M"
"IDN","EDUPUBEXP","PRY_TRY","PC_GDP","A","2009",,"M"
"IDN","EDUPUBEXP","PRY_TRY","PC_GDP","A","2010",,"M"
"IDN","EDUPUBEXP","PRY_TRY","PC_GDP","A","2011",,"M"
"IDN","EDUPUBEXP","PRY_TRY","PC_GDP","A","2012",3.107,
"IDN","EDUPUBEXP","PRY_TRY","PC_GDP","A","2013",2.804,
"IDN","EDUPUBEXP","PRY_TRY","PC_GDP","A","2014",,"M"
"IDN","EDUPUBEXP","PRY_TRY","PC_GDP","A","2015",3.006,
"IDN","EDUPUBEXP","PRY_TRY","PC_GDP","A","2016",,"M"
"ISR","EDUPUBEXP","PRY_TRY","PC_GDP","A","1995",,"M"
"ISR","EDUPUBEXP","PRY_TRY","PC_GDP","A","2000",4.965,
"ISR","EDUPUBEXP","PRY_TRY","PC_GDP","A","2005",4.376,
"ISR","EDUPUBEXP","PRY_TRY","PC_GDP","A","2008",4.443,
"ISR","EDUPUBEXP","PRY_TRY","PC_GDP","A","2009",4.401,
"ISR","EDUPUBEXP","PRY_TRY","PC_GDP","A","2010",4.505,
"ISR","EDUPUBEXP","PRY_TRY","PC_GDP","A","2011",4.546,
"ISR","EDUPUBEXP","PRY_TRY","PC_GDP","A","2012",4.722,
"ISR","EDUPUBEXP","PRY_TRY","PC_GDP","A","2013",4.71,
"ISR","EDUPUBEXP","PRY_TRY","PC_GDP","A","2014",4.657,
"ISR","EDUPUBEXP","PRY_TRY","PC_GDP","A","2015",4.89,
"ISR","EDUPUBEXP","PRY_TRY","PC_GDP","A","2016",,"M"
"LVA","EDUPUBEXP","TRY","PC_GDP","A","1995",,"M"
"LVA","EDUPUBEXP","TRY","PC_GDP","A","2000",0.688,
"LVA","EDUPUBEXP","TRY","PC_GDP","A","2005",0.756,
"LVA","EDUPUBEXP","TRY","PC_GDP","A","2008",0.87,
"LVA","EDUPUBEXP","TRY","PC_GDP","A","2009",0.679,
"LVA","EDUPUBEXP","TRY","PC_GDP","A","2010",0.71,
"LVA","EDUPUBEXP","TRY","PC_GDP","A","2011",0.869,
"LVA","EDUPUBEXP","TRY","PC_GDP","A","2012",0.82,
"LVA","EDUPUBEXP","TRY","PC_GDP","A","2013",0.85,
"LVA","EDUPUBEXP","TRY","PC_GDP","A","2014",1.031,
"LVA","EDUPUBEXP","TRY","PC_GDP","A","2015",1.094,
"LVA","EDUPUBEXP","TRY","PC_GDP","A","2016",,"M"
"LVA","EDUPUBEXP","PRY_NTRY","PC_GDP","A","2005",3.14,
"LVA","EDUPUBEXP","PRY_NTRY","PC_GDP","A","2008",3.509,
"LVA","EDUPUBEXP","PRY_NTRY","PC_GDP","A","2009",3.651,
"LVA","EDUPUBEXP","PRY_NTRY","PC_GDP","A","2010",3.242,
"LVA","EDUPUBEXP","PRY_NTRY","PC_GDP","A","2011",2.956,
"LVA","EDUPUBEXP","PRY_NTRY","PC_GDP","A","2012",2.766,
"LVA","EDUPUBEXP","PRY_NTRY","PC_GDP","A","2013",3.025,
"LVA","EDUPUBEXP","PRY_NTRY","PC_GDP","A","2014",3.223,
"LVA","EDUPUBEXP","PRY_NTRY","PC_GDP","A","2015",3.254,
"LVA","EDUPUBEXP","PRY_NTRY","PC_GDP","A","2016",,"M"
"LVA","EDUPUBEXP","PRY_TRY","PC_GDP","A","2005",3.896,
"LVA","EDUPUBEXP","PRY_TRY","PC_GDP","A","2008",4.38,
"LVA","EDUPUBEXP","PRY_TRY","PC_GDP","A","2009",4.33,
"LVA","EDUPUBEXP","PRY_TRY","PC_GDP","A","2010",3.953,
"LVA","EDUPUBEXP","PRY_TRY","PC_GDP","A","2011",3.825,
"LVA","EDUPUBEXP","PRY_TRY","PC_GDP","A","2012",3.586,
"LVA","EDUPUBEXP","PRY_TRY","PC_GDP","A","2013",3.875,
"LVA","EDUPUBEXP","PRY_TRY","PC_GDP","A","2014",4.254,
"LVA","EDUPUBEXP","PRY_TRY","PC_GDP","A","2015",4.348,
"LVA","EDUPUBEXP","PRY_TRY","PC_GDP","A","2016",,"M"
"RUS","EDUPUBEXP","PRY_TRY","PC_GDP","A","1995",,"M"
"RUS","EDUPUBEXP","PRY_TRY","PC_GDP","A","2000",1.984,
"RUS","EDUPUBEXP","PRY_TRY","PC_GDP","A","2005",2.483,
"RUS","EDUPUBEXP","PRY_TRY","PC_GDP","A","2008",2.744,
"RUS","EDUPUBEXP","PRY_TRY","PC_GDP","A","2009",3.221,
"RUS","EDUPUBEXP","PRY_TRY","PC_GDP","A","2010",2.745,
"RUS","EDUPUBEXP","PRY_TRY","PC_GDP","A","2011",2.628,
"RUS","EDUPUBEXP","PRY_TRY","PC_GDP","A","2012",2.817,
"RUS","EDUPUBEXP","PRY_TRY","PC_GDP","A","2013",2.867,
"RUS","EDUPUBEXP","PRY_TRY","PC_GDP","A","2014",2.754,
"RUS","EDUPUBEXP","PRY_TRY","PC_GDP","A","2015",2.577,
"RUS","EDUPUBEXP","PRY_TRY","PC_GDP","A","2016",,"M"
"SAU","EDUPUBEXP","TRY","PC_GDP","A","1995",,"M"
"SAU","EDUPUBEXP","TRY","PC_GDP","A","2000",,"M"
"SAU","EDUPUBEXP","TRY","PC_GDP","A","2005",,"M"
"SAU","EDUPUBEXP","TRY","PC_GDP","A","2008",,"M"
"SAU","EDUPUBEXP","TRY","PC_GDP","A","2009",,"M"
"SAU","EDUPUBEXP","TRY","PC_GDP","A","2010",,"M"
"SAU","EDUPUBEXP","TRY","PC_GDP","A","2011",,"M"
"SAU","EDUPUBEXP","TRY","PC_GDP","A","2012",,"M"
"SAU","EDUPUBEXP","TRY","PC_GDP","A","2013",,"M"
"SAU","EDUPUBEXP","TRY","PC_GDP","A","2014",,"M"
"SAU","EDUPUBEXP","TRY","PC_GDP","A","2015",,"M"
"SAU","EDUPUBEXP","TRY","PC_GDP","A","2016",,"M"
"SAU","EDUPUBEXP","PRY_NTRY","PC_GDP","A","1995",,"M"
"SAU","EDUPUBEXP","PRY_NTRY","PC_GDP","A","2000",,"M"
"SAU","EDUPUBEXP","PRY_NTRY","PC_GDP","A","2005",,"M"
"SAU","EDUPUBEXP","PRY_NTRY","PC_GDP","A","2008",,"M"
"SAU","EDUPUBEXP","PRY_NTRY","PC_GDP","A","2009",,"M"
"SAU","EDUPUBEXP","PRY_NTRY","PC_GDP","A","2010",,"M"
"SAU","EDUPUBEXP","PRY_NTRY","PC_GDP","A","2011",,"M"
"SAU","EDUPUBEXP","PRY_NTRY","PC_GDP","A","2012",,"M"
"SAU","EDUPUBEXP","PRY_NTRY","PC_GDP","A","2013",,"M"
"SAU","EDUPUBEXP","PRY_NTRY","PC_GDP","A","2014",,"M"
"SAU","EDUPUBEXP","PRY_NTRY","PC_GDP","A","2015",,"M"
"SAU","EDUPUBEXP","PRY_NTRY","PC_GDP","A","2016",,"M"
"SAU","EDUPUBEXP","PRY_TRY","PC_GDP","A","1995",,"M"
"SAU","EDUPUBEXP","PRY_TRY","PC_GDP","A","2000",,"M"
"SAU","EDUPUBEXP","PRY_TRY","PC_GDP","A","2005",,"M"
"SAU","EDUPUBEXP","PRY_TRY","PC_GDP","A","2008",,"M"
"SAU","EDUPUBEXP","PRY_TRY","PC_GDP","A","2009",,"M"
"SAU","EDUPUBEXP","PRY_TRY","PC_GDP","A","2010",,"M"
"SAU","EDUPUBEXP","PRY_TRY","PC_GDP","A","2011",,"M"
"SAU","EDUPUBEXP","PRY_TRY","PC_GDP","A","2012",,"M"
"SAU","EDUPUBEXP","PRY_TRY","PC_GDP","A","2013",,"M"
"SAU","EDUPUBEXP","PRY_TRY","PC_GDP","A","2014",,"M"
"SAU","EDUPUBEXP","PRY_TRY","PC_GDP","A","2015",,"M"
"SAU","EDUPUBEXP","PRY_TRY","PC_GDP","A","2016",,"M"
"SVN","EDUPUBEXP","PRY_TRY","PC_GDP","A","1995",,"M"
"SVN","EDUPUBEXP","PRY_TRY","PC_GDP","A","2000",,"M"
"SVN","EDUPUBEXP","PRY_TRY","PC_GDP","A","2005",4.661,
"SVN","EDUPUBEXP","PRY_TRY","PC_GDP","A","2008",4.224,
"SVN","EDUPUBEXP","PRY_TRY","PC_GDP","A","2009",4.581,
"SVN","EDUPUBEXP","PRY_TRY","PC_GDP","A","2010",4.525,
"SVN","EDUPUBEXP","PRY_TRY","PC_GDP","A","2011",4.428,
"SVN","EDUPUBEXP","PRY_TRY","PC_GDP","A","2012",4.371,
"SVN","EDUPUBEXP","PRY_TRY","PC_GDP","A","2013",4.262,
"SVN","EDUPUBEXP","PRY_TRY","PC_GDP","A","2014",4.068,
"SVN","EDUPUBEXP","PRY_TRY","PC_GDP","A","2015",3.818,
"SVN","EDUPUBEXP","PRY_TRY","PC_GDP","A","2016",,"M"
"ZAF","EDUPUBEXP","PRY_TRY","PC_GDP","A","1995",,"M"
"ZAF","EDUPUBEXP","PRY_TRY","PC_GDP","A","2000",,"M"
"ZAF","EDUPUBEXP","PRY_TRY","PC_GDP","A","2005",,"M"
"ZAF","EDUPUBEXP","PRY_TRY","PC_GDP","A","2008",,"M"
"ZAF","EDUPUBEXP","PRY_TRY","PC_GDP","A","2009",,"M"
"ZAF","EDUPUBEXP","PRY_TRY","PC_GDP","A","2010",,"M"
"ZAF","EDUPUBEXP","PRY_TRY","PC_GDP","A","2011",,"M"
"ZAF","EDUPUBEXP","PRY_TRY","PC_GDP","A","2012",5.756,
"ZAF","EDUPUBEXP","PRY_TRY","PC_GDP","A","2013",5.364,
"ZAF","EDUPUBEXP","PRY_TRY","PC_GDP","A","2014",5.449,
"ZAF","EDUPUBEXP","PRY_TRY","PC_GDP","A","2015",,"M"
"ZAF","EDUPUBEXP","PRY_TRY","PC_GDP","A","2016",,"M"
"CRI","EDUPUBEXP","TRY","PC_GDP","A","1995",,"M"
"CRI","EDUPUBEXP","TRY","PC_GDP","A","2000",,"M"
"CRI","EDUPUBEXP","TRY","PC_GDP","A","2005",,"M"
"CRI","EDUPUBEXP","TRY","PC_GDP","A","2008",,"M"
"CRI","EDUPUBEXP","TRY","PC_GDP","A","2009",,"M"
"CRI","EDUPUBEXP","TRY","PC_GDP","A","2010",,"M"
"CRI","EDUPUBEXP","TRY","PC_GDP","A","2011",,"M"
"CRI","EDUPUBEXP","TRY","PC_GDP","A","2012",,"M"
"CRI","EDUPUBEXP","TRY","PC_GDP","A","2013",1.405,
"CRI","EDUPUBEXP","TRY","PC_GDP","A","2014",1.489,
"CRI","EDUPUBEXP","TRY","PC_GDP","A","2015",1.576,
"CRI","EDUPUBEXP","TRY","PC_GDP","A","2016",1.634,
"CRI","EDUPUBEXP","PRY_NTRY","PC_GDP","A","1995",,"M"
"CRI","EDUPUBEXP","PRY_NTRY","PC_GDP","A","2000",,"M"
"CRI","EDUPUBEXP","PRY_NTRY","PC_GDP","A","2005",,"M"
"CRI","EDUPUBEXP","PRY_NTRY","PC_GDP","A","2008",,"M"
"CRI","EDUPUBEXP","PRY_NTRY","PC_GDP","A","2009",,"M"
"CRI","EDUPUBEXP","PRY_NTRY","PC_GDP","A","2010",,"M"
"CRI","EDUPUBEXP","PRY_NTRY","PC_GDP","A","2011",,"M"
"CRI","EDUPUBEXP","PRY_NTRY","PC_GDP","A","2012",,"M"
"CRI","EDUPUBEXP","PRY_NTRY","PC_GDP","A","2013",4.815,
"CRI","EDUPUBEXP","PRY_NTRY","PC_GDP","A","2014",4.792,
"CRI","EDUPUBEXP","PRY_NTRY","PC_GDP","A","2015",4.995,
"CRI","EDUPUBEXP","PRY_NTRY","PC_GDP","A","2016",4.7,
"CRI","EDUPUBEXP","PRY_TRY","PC_GDP","A","1995",,"M"
"CRI","EDUPUBEXP","PRY_TRY","PC_GDP","A","2000",,"M"
"CRI","EDUPUBEXP","PRY_TRY","PC_GDP","A","2005",,"M"
"CRI","EDUPUBEXP","PRY_TRY","PC_GDP","A","2008",,"M"
"CRI","EDUPUBEXP","PRY_TRY","PC_GDP","A","2009",,"M"
"CRI","EDUPUBEXP","PRY_TRY","PC_GDP","A","2010",,"M"
"CRI","EDUPUBEXP","PRY_TRY","PC_GDP","A","2011",,"M"
"CRI","EDUPUBEXP","PRY_TRY","PC_GDP","A","2012",,"M"
"CRI","EDUPUBEXP","PRY_TRY","PC_GDP","A","2013",6.22,
"CRI","EDUPUBEXP","PRY_TRY","PC_GDP","A","2014",6.281,
"CRI","EDUPUBEXP","PRY_TRY","PC_GDP","A","2015",6.571,
"CRI","EDUPUBEXP","PRY_TRY","PC_GDP","A","2016",6.334,
"LTU","EDUPUBEXP","TRY","PC_GDP","A","1995",,"M"
"LTU","EDUPUBEXP","TRY","PC_GDP","A","2000",0.905,
"LTU","EDUPUBEXP","TRY","PC_GDP","A","2005",0.848,
"LTU","EDUPUBEXP","TRY","PC_GDP","A","2008",0.881,
"LTU","EDUPUBEXP","TRY","PC_GDP","A","2009",0.947,
"LTU","EDUPUBEXP","TRY","PC_GDP","A","2010",1.085,
"LTU","EDUPUBEXP","TRY","PC_GDP","A","2011",1.311,
"LTU","EDUPUBEXP","TRY","PC_GDP","A","2012",1.27,
"LTU","EDUPUBEXP","TRY","PC_GDP","A","2013",1.222,
"LTU","EDUPUBEXP","TRY","PC_GDP","A","2014",1.234,
"LTU","EDUPUBEXP","TRY","PC_GDP","A","2015",1.078,
"LTU","EDUPUBEXP","TRY","PC_GDP","A","2016",,"M"
"LTU","EDUPUBEXP","PRY_NTRY","PC_GDP","A","1995",,"M"
"LTU","EDUPUBEXP","PRY_NTRY","PC_GDP","A","2005",3.038,
"LTU","EDUPUBEXP","PRY_NTRY","PC_GDP","A","2008",3.227,
"LTU","EDUPUBEXP","PRY_NTRY","PC_GDP","A","2009",3.653,
"LTU","EDUPUBEXP","PRY_NTRY","PC_GDP","A","2010",3.272,
"LTU","EDUPUBEXP","PRY_NTRY","PC_GDP","A","2011",2.89,
"LTU","EDUPUBEXP","PRY_NTRY","PC_GDP","A","2012",2.697,
"LTU","EDUPUBEXP","PRY_NTRY","PC_GDP","A","2013",2.602,
"LTU","EDUPUBEXP","PRY_NTRY","PC_GDP","A","2014",2.475,
"LTU","EDUPUBEXP","PRY_NTRY","PC_GDP","A","2015",2.315,
"LTU","EDUPUBEXP","PRY_NTRY","PC_GDP","A","2016",,"M"
"LTU","EDUPUBEXP","PRY_TRY","PC_GDP","A","1995",,"M"
"LTU","EDUPUBEXP","PRY_TRY","PC_GDP","A","2000",4.496,
"LTU","EDUPUBEXP","PRY_TRY","PC_GDP","A","2005",3.885,
"LTU","EDUPUBEXP","PRY_TRY","PC_GDP","A","2008",4.108,
"LTU","EDUPUBEXP","PRY_TRY","PC_GDP","A","2009",4.6,
"LTU","EDUPUBEXP","PRY_TRY","PC_GDP","A","2010",4.356,
"LTU","EDUPUBEXP","PRY_TRY","PC_GDP","A","2011",4.201,
"LTU","EDUPUBEXP","PRY_TRY","PC_GDP","A","2012",3.968,
"LTU","EDUPUBEXP","PRY_TRY","PC_GDP","A","2013",3.824,
"LTU","EDUPUBEXP","PRY_TRY","PC_GDP","A","2014",3.709,
"LTU","EDUPUBEXP","PRY_TRY","PC_GDP","A","2015",3.393,
"LTU","EDUPUBEXP","PRY_TRY","PC_GDP","A","2016",,"M"
